timestamp,endpoint,method,latency_ms,status_code
1778358114.653008,status,GET,0.57,200
1778358114.6919308,logs,GET,0.42,200
1778358114.8274026,status,GET,0.87,200
1778358114.8482068,logs,GET,0.39,200
1778358115.8301928,status,GET,0.54,200
1778358115.8479984,logs,GET,0.41,200
1778358116.8297396,status,GET,1.15,200
1778358116.8636029,logs,GET,1.0,200
1778358117.836073,status,GET,1.31,200
1778358117.861947,logs,GET,0.85,200
1778358118.8215742,status,GET,1.3,200
1778358118.8517184,logs,GET,1.13,200
1778358119.816192,status,GET,1.36,200
1778358119.840124,logs,GET,0.96,200
1778358120.8281431,status,GET,1.15,200
1778358120.8763883,logs,GET,0.83,200
1778358120.9755018,pacer_start_all,POST,66.18,200
1778358121.8243191,status,GET,1.22,200
1778358121.8544168,logs,GET,1.59,200
1778358122.8276858,status,GET,2.0,200
1778358122.8559763,logs,GET,2.12,200
1778358123.8295503,status,GET,1.15,200
1778358123.8539777,logs,GET,2.07,200
1778358124.827797,status,GET,1.2,200
1778358124.8563623,logs,GET,2.05,200
1778358125.847782,status,GET,22.14,200
1778358125.8747456,logs,GET,2.84,200
1778358126.8358004,status,GET,1.21,200
1778358126.8740647,logs,GET,3.04,200
1778358127.8192024,status,GET,1.26,200
1778358127.847682,logs,GET,3.21,200
1778358128.8327193,status,GET,1.01,200
1778358128.8648133,logs,GET,3.06,200
1778358129.824237,status,GET,1.16,200
1778358129.848437,logs,GET,3.57,200
1778358130.8278239,status,GET,1.21,200
1778358130.8602104,logs,GET,3.59,200
1778358131.817988,status,GET,1.14,200
1778358131.851909,logs,GET,3.8,200
1778358132.8278112,status,GET,1.2,200
1778358132.859411,logs,GET,4.75,200
1778358133.8483574,status,GET,22.44,200
1778358133.8818393,logs,GET,4.51,200
1778358134.8318548,status,GET,1.18,200
1778358134.8642752,logs,GET,4.55,200
1778358135.090337,pacer_start_all,POST,55.88,200
1778358135.8368049,status,GET,1.16,200
1778358135.868295,logs,GET,5.16,200
1778358136.830863,status,GET,1.16,200
1778358136.8596547,logs,GET,5.4,200
1778358137.8355203,status,GET,1.23,200
1778358137.8735762,logs,GET,5.34,200
1778358138.81964,status,GET,1.21,200
1778358138.8534,logs,GET,9.1,200
1778358139.8517945,status,GET,22.67,200
1778358139.891372,logs,GET,5.31,200
1778358140.7980964,pacer_stop_all,POST,61.87,200
1778358140.8191113,status,GET,1.16,200
1778358140.8447518,logs,GET,6.26,200
1778358141.830791,status,GET,1.27,200
1778358141.877619,logs,GET,7.05,200
1778358142.84015,status,GET,1.47,200
1778358142.8901372,logs,GET,6.98,200
1778358143.8303144,status,GET,1.27,200
1778358143.8584454,logs,GET,7.2,200
1778358144.8324509,status,GET,1.31,200
1778358144.8621988,logs,GET,7.23,200
1778358145.8371727,status,GET,1.27,200
1778358145.8788588,logs,GET,7.11,200
1778358146.8329575,status,GET,2.39,200
1778358146.872588,logs,GET,7.24,200
1778358147.825534,status,GET,1.28,200
1778358147.853943,logs,GET,6.66,200
1778358148.833307,status,GET,1.27,200
1778358148.8704085,logs,GET,7.04,200
1778358149.8347437,status,GET,1.26,200
1778358149.8833525,logs,GET,6.22,200
1778358150.8300712,status,GET,1.25,200
1778358150.8657165,logs,GET,7.14,200
1778358151.8406754,status,GET,1.3,200
1778358151.892146,logs,GET,8.03,200
1778358152.8352153,status,GET,1.33,200
1778358152.8701015,logs,GET,6.04,200
1778358153.8290417,status,GET,1.27,200
1778358153.8830025,logs,GET,6.25,200
1778358154.8307097,status,GET,1.27,200
1778358154.8586354,logs,GET,7.27,200
1778358155.3619587,pacer_start_all,POST,66.5,200
1778358155.824278,status,GET,1.17,200
1778358155.8520882,logs,GET,6.19,200
1778358156.8280892,status,GET,1.22,200
1778358156.854576,logs,GET,6.18,200
1778358157.6676664,pacer_stop_all,POST,68.43,200
1778358157.831801,status,GET,1.36,200
1778358157.861495,logs,GET,6.86,200
1778358158.8332133,status,GET,1.28,200
1778358158.8602443,logs,GET,6.92,200
1778358159.667409,pacer_start_all,POST,65.61,200
1778358159.831269,status,GET,1.17,200
1778358159.8527837,logs,GET,5.07,200
1778358160.8283546,status,GET,1.2,200
1778358160.855281,logs,GET,5.82,200
1778358161.7561316,pacer_stop_all,POST,64.11,200
1778358161.823508,status,GET,0.97,200
1778358161.8467336,logs,GET,4.69,200
1778358162.8301404,status,GET,1.25,200
1778358162.8554795,logs,GET,6.88,200
1778358163.8258286,status,GET,2.35,200
1778358163.8532486,logs,GET,6.85,200
1778358164.0000162,pacer_start_all,POST,67.11,200
1778358164.8225834,status,GET,1.14,200
1778358164.8525193,logs,GET,5.85,200
1778358165.8480825,status,GET,1.33,200
1778358165.8761127,logs,GET,5.96,200
1778358166.523118,pacer_stop_all,POST,67.42,200
1778358166.832953,status,GET,2.35,200
1778358166.8600805,logs,GET,7.03,200
1778358167.8260078,status,GET,1.26,200
1778358167.851844,logs,GET,6.95,200
1778358168.575277,pacer_start_all,POST,70.53,200
1778358168.8242354,status,GET,1.21,200
1778358168.8503463,logs,GET,5.9,200
1778358169.8246193,status,GET,1.15,200
1778358169.85359,logs,GET,5.97,200
1778358170.5031514,pacer_stop_all,POST,82.33,200
1778358170.8282926,status,GET,1.27,200
1778358170.8557816,logs,GET,6.9,200
1778358171.8303142,status,GET,1.27,200
1778358171.857859,logs,GET,6.85,200
1778358172.8475578,pacer_start,POST,42.62,200
1778358172.848792,status,GET,12.47,200
1778358172.8873131,logs,GET,9.53,200
1778358173.7798688,pacer_start,POST,22.57,200
1778358173.8274672,status,GET,1.16,200
1778358173.852621,logs,GET,6.1,200
1778358174.819129,status,GET,1.09,200
1778358174.843754,logs,GET,5.16,200
1778358175.3100393,pacer_stop,POST,29.11,200
1778358175.8083117,pacer_stop,POST,31.45,200
1778358175.825807,status,GET,0.97,200
1778358175.8500776,logs,GET,5.24,200
1778358176.829161,status,GET,0.98,200
1778358176.8554435,logs,GET,5.29,200
1778358177.8504293,status,GET,0.96,200
1778358177.8780048,logs,GET,5.17,200
1778358178.8261602,status,GET,2.41,200
1778358178.8559184,logs,GET,5.22,200
1778358179.8276362,status,GET,1.39,200
1778358179.8597114,logs,GET,4.71,200
1778358180.8280303,status,GET,1.35,200
1778358180.872415,logs,GET,7.04,200
1778358181.8349397,status,GET,1.26,200
1778358181.8632538,logs,GET,5.24,200
1778358182.8341448,status,GET,1.26,200
1778358182.8865232,logs,GET,6.67,200
1778358183.8308697,status,GET,1.27,200
1778358183.8559053,logs,GET,7.19,200
1778358184.3255246,pacer_start,POST,39.03,200
1778358184.831115,status,GET,1.21,200
1778358184.8592625,logs,GET,5.7,200
1778358185.8367078,status,GET,1.15,200
1778358185.8622274,logs,GET,5.89,200
1778358186.82507,status,GET,1.15,200
1778358186.8624094,logs,GET,9.46,200
1778358187.0791998,pacer_stop,POST,33.8,200
1778358187.8654983,status,GET,1.25,200
1778358187.8971162,logs,GET,6.64,200
1778358188.8401773,status,GET,2.47,200
1778358188.8824918,logs,GET,6.64,200
1778358189.828213,status,GET,1.39,200
1778358189.8558857,logs,GET,6.68,200
1778358190.1160157,pacer_start,POST,39.93,200
1778358190.8272085,status,GET,1.21,200
1778358190.860124,logs,GET,9.48,200
1778358191.8367934,status,GET,1.15,200
1778358191.879518,logs,GET,5.77,200
1778358192.5278707,pacer_stop,POST,33.78,200
1778358192.8347385,status,GET,1.27,200
1778358192.8649068,logs,GET,7.91,200
1778358193.8286142,status,GET,1.25,200
1778358193.857737,logs,GET,6.92,200
1778358194.8201854,status,GET,1.33,200
1778358194.852067,logs,GET,6.8,200
1778358195.8277748,status,GET,1.35,200
1778358195.8613572,logs,GET,6.75,200
1778358196.8311298,status,GET,1.34,200
1778358196.862283,logs,GET,6.76,200
1778358197.8221397,status,GET,1.26,200
1778358197.8549082,logs,GET,6.8,200
1778358198.8218098,status,GET,1.87,200
1778358198.8439534,logs,GET,5.28,200
1778358199.825147,status,GET,1.27,200
1778358199.8524537,logs,GET,6.97,200
1778358200.8250744,status,GET,1.27,200
1778358200.8521848,logs,GET,6.93,200
1778358201.8284702,status,GET,1.29,200
1778358201.8579466,logs,GET,6.82,200
1778358202.8272924,status,GET,1.39,200
1778358202.8534794,logs,GET,5.89,200
1778358203.827448,status,GET,1.35,200
1778358203.8540487,logs,GET,6.84,200
1778358204.829773,status,GET,1.27,200
1778358204.8601913,logs,GET,6.0,200
1778358205.8237767,status,GET,1.34,200
1778358205.8523743,logs,GET,6.87,200
1778358206.8311012,status,GET,1.34,200
1778358206.856127,logs,GET,6.98,200
1778358207.8175218,status,GET,1.26,200
1778358207.8446617,logs,GET,6.93,200
1778358208.8204908,status,GET,1.26,200
1778358208.8466551,logs,GET,5.88,200
1778358209.8285196,status,GET,2.49,200
1778358209.856082,logs,GET,6.9,200
1778358210.8313057,status,GET,1.43,200
1778358210.8587008,logs,GET,6.88,200
1778358211.825445,status,GET,1.26,200
1778358211.8524432,logs,GET,6.91,200
1778358212.8185368,status,GET,1.26,200
1778358212.8458405,logs,GET,6.87,200
1778358213.8256404,status,GET,1.27,200
1778358213.8541157,logs,GET,6.75,200
1778358214.8275437,status,GET,1.39,200
1778358214.8542829,logs,GET,6.82,200
1778358215.8252351,status,GET,1.25,200
1778358215.8520784,logs,GET,6.86,200
1778358216.8277485,status,GET,1.33,200
1778358216.8564553,logs,GET,6.87,200
1778358217.8288155,status,GET,1.25,200
1778358217.8541598,logs,GET,6.64,200
1778358218.83517,status,GET,1.4,200
1778358218.8700843,logs,GET,6.85,200
1778358219.832326,status,GET,1.27,200
1778358219.8638766,logs,GET,6.9,200
1778358220.8321815,status,GET,1.34,200
1778358220.8596513,logs,GET,6.03,200
1778358221.827333,status,GET,1.37,200
1778358221.85414,logs,GET,6.87,200
1778358222.8371544,status,GET,1.25,200
1778358222.871799,logs,GET,6.71,200
1778358223.8395133,status,GET,1.43,200
1778358223.8753645,logs,GET,6.96,200
1778358224.9113183,status,GET,1.42,200
1778358224.9444506,logs,GET,7.03,200
1778358225.8418097,status,GET,1.25,200
1778358225.8837078,logs,GET,6.91,200
1778358226.8281968,status,GET,1.37,200
1778358226.8749883,logs,GET,6.7,200
1778358227.8177364,status,GET,1.26,200
1778358227.8508825,logs,GET,6.87,200
1778358228.8303816,status,GET,1.15,200
1778358228.8850985,logs,GET,6.78,200
1778358229.0008235,set_mode,POST,72.11,200
1778358229.0230093,status,GET,1.15,200
1778358229.048679,logs,GET,4.34,200
1778358229.8174992,status,GET,1.26,200
1778358229.8449693,logs,GET,7.7,200
1778358230.2169955,lighting_start,POST,257.03,200
1778358230.255161,logs,GET,5.78,200
1778358230.8267624,status,GET,0.98,200
1778358230.8563216,logs,GET,4.74,200
1778358230.9404144,lighting_stop,POST,46.76,200
1778358230.9648204,logs,GET,4.83,200
1778358231.8295434,status,GET,1.09,200
1778358231.864259,logs,GET,5.49,200
1778358232.8437455,status,GET,1.22,200
1778358232.887283,logs,GET,5.45,200
1778358233.8211024,status,GET,2.11,200
1778358233.8487282,logs,GET,5.38,200
1778358234.8336675,status,GET,0.98,200
1778358234.8639176,logs,GET,4.72,200
1778358235.8239872,status,GET,1.25,200
1778358235.8513024,logs,GET,5.44,200
1778358236.7615912,lighting_start,POST,120.56,200
1778358236.7830384,logs,GET,4.34,200
1778358236.825684,status,GET,0.88,200
1778358236.8517733,logs,GET,4.8,200
1778358237.8236253,status,GET,1.04,200
1778358237.8488016,logs,GET,5.62,200
1778358238.093284,lighting_stop,POST,48.89,200
1778358238.127438,logs,GET,5.55,200
1778358238.8284056,status,GET,1.29,200
1778358238.8568878,logs,GET,4.74,200
1778358239.7716012,lighting_stop,POST,51.16,200
1778358239.8014433,logs,GET,6.36,200
1778358239.822332,status,GET,0.82,200
1778358239.8465555,logs,GET,3.84,200
1778358240.838648,status,GET,1.24,200
1778358240.8641615,logs,GET,5.5,200
1778358241.8283863,status,GET,1.32,200
1778358241.865028,logs,GET,7.38,200
1778358242.8363442,status,GET,1.31,200
1778358242.8786159,logs,GET,6.29,200
1778358243.8267083,status,GET,1.27,200
1778358243.8541727,logs,GET,6.35,200
1778358244.8327744,status,GET,1.26,200
1778358244.8599281,logs,GET,6.27,200
1778358245.8258646,status,GET,1.25,200
1778358245.8523214,logs,GET,6.47,200
1778358246.8349452,status,GET,1.26,200
1778358246.8729126,logs,GET,6.35,200
1778358247.8353302,status,GET,1.34,200
1778358247.8637042,logs,GET,6.47,200
1778358248.8541677,lighting_start,POST,119.65,200
1778358248.8553417,status,GET,34.39,200
1778358248.8855445,logs,GET,4.36,200
1778358248.9079258,logs,GET,4.24,200
1778358249.6498523,lighting_stop,POST,49.33,200
1778358249.6755204,logs,GET,5.57,200
1778358249.8288167,status,GET,1.25,200
1778358249.8557706,logs,GET,6.35,200
1778358250.8390985,status,GET,1.35,200
1778358250.8651507,logs,GET,6.38,200
1778358251.827668,status,GET,1.44,200
1778358251.8603601,logs,GET,6.47,200
1778358252.8287227,status,GET,1.28,200
1778358252.8602679,logs,GET,6.39,200
1778358253.8318877,status,GET,1.41,200
1778358253.8577306,logs,GET,6.27,200
1778358254.8263047,status,GET,1.25,200
1778358254.853583,logs,GET,6.25,200
1778358255.8391123,status,GET,1.41,200
1778358255.8732038,logs,GET,6.22,200
1778358256.827846,status,GET,1.44,200
1778358256.862014,logs,GET,6.33,200
1778358257.8377738,status,GET,1.26,200
1778358257.8751285,logs,GET,6.4,200
1778358258.8278267,status,GET,1.35,200
1778358258.8539684,logs,GET,6.17,200
1778358259.8318872,status,GET,1.34,200
1778358259.8629293,logs,GET,6.25,200
1778358260.8349388,status,GET,1.25,200
1778358260.8706343,logs,GET,6.11,200
1778358261.830399,status,GET,1.27,200
1778358261.8610947,logs,GET,6.41,200
1778358262.8327038,status,GET,1.26,200
1778358262.8564794,logs,GET,5.5,200
1778358263.8207674,status,GET,1.28,200
1778358263.8470533,logs,GET,5.51,200
1778358264.825133,status,GET,1.26,200
1778358264.851996,logs,GET,6.36,200
1778358265.8276331,status,GET,1.32,200
1778358265.854322,logs,GET,6.14,200
1778358266.8257098,status,GET,1.25,200
1778358266.8517466,logs,GET,6.36,200
1778358267.8327231,status,GET,1.24,200
1778358267.8623028,logs,GET,6.16,200
1778358268.8296745,status,GET,1.27,200
1778358268.8559563,logs,GET,6.42,200
1778358269.83835,status,GET,1.26,200
1778358269.8648975,logs,GET,5.46,200
1778358270.8320591,status,GET,1.45,200
1778358270.8580043,logs,GET,6.36,200
1778358271.8255515,status,GET,1.28,200
1778358271.8586833,logs,GET,6.15,200
1778358272.8239675,status,GET,1.33,200
1778358272.8622322,logs,GET,6.23,200
1778358273.836468,status,GET,1.26,200
1778358273.8836164,logs,GET,6.2,200
1778358274.8217707,status,GET,1.26,200
1778358274.8482943,logs,GET,6.3,200
1778358275.8315225,status,GET,1.45,200
1778358275.8600326,logs,GET,6.39,200
1778358276.8306425,status,GET,1.25,200
1778358276.857616,logs,GET,6.16,200
1778358277.831762,status,GET,1.43,200
1778358277.869213,logs,GET,6.07,200
1778358278.8390949,status,GET,1.43,200
1778358278.8896513,logs,GET,6.16,200
1778358279.8373191,status,GET,1.25,200
1778358279.86448,logs,GET,6.34,200
1778358280.8325944,status,GET,1.1,200
1778358280.8608387,logs,GET,5.48,200
1778358281.8234193,status,GET,1.19,200
1778358281.8494773,logs,GET,5.52,200
1778358282.827153,status,GET,1.32,200
1778358282.855165,logs,GET,6.45,200
1778358283.8236024,status,GET,1.26,200
1778358283.8477938,logs,GET,5.43,200
1778358284.8333333,status,GET,1.26,200
1778358284.857292,logs,GET,6.38,200
1778358285.831508,status,GET,1.4,200
1778358285.8696692,logs,GET,6.16,200
1778358286.827678,status,GET,1.44,200
1778358286.8603115,logs,GET,6.31,200
1778358287.82474,status,GET,1.28,200
1778358287.8561137,logs,GET,6.42,200
1778358288.829789,status,GET,1.26,200
1778358288.8582766,logs,GET,6.26,200
1778358289.8282294,status,GET,1.09,200
1778358289.85436,logs,GET,5.46,200
1778358290.8329105,status,GET,1.25,200
1778358290.8620088,logs,GET,6.19,200
1778358291.83203,status,GET,1.29,200
1778358291.854453,logs,GET,5.46,200
1778358292.8302634,status,GET,1.09,200
1778358292.858591,logs,GET,5.41,200
1778358293.8210294,status,GET,1.09,200
1778358293.8512106,logs,GET,5.49,200
1778358294.8783202,status,GET,1.09,200
1778358294.929084,logs,GET,5.26,200
1778358295.912327,status,GET,1.25,200
1778358295.9435382,logs,GET,6.33,200
1778358296.888555,status,GET,1.11,200
1778358296.9179072,logs,GET,5.35,200
1778358297.8281384,status,GET,1.39,200
1778358297.8893125,logs,GET,5.27,200
1778358298.827052,status,GET,1.1,200
1778358298.8497896,logs,GET,4.68,200
1778358299.832279,status,GET,0.98,200
1778358299.8543816,logs,GET,4.72,200
1778358300.8340104,status,GET,1.1,200
1778358300.8629584,logs,GET,5.41,200
1778358301.8288507,status,GET,1.27,200
1778358301.860289,logs,GET,6.36,200
1778358302.8281062,status,GET,1.44,200
1778358302.8624742,logs,GET,6.29,200
1778358303.830506,status,GET,1.27,200
1778358303.8718684,logs,GET,6.3,200
1778358304.833938,status,GET,1.27,200
1778358304.8620498,logs,GET,6.1,200
1778358305.8233697,status,GET,1.51,200
1778358305.8524523,logs,GET,6.23,200
1778358306.826717,status,GET,1.24,200
1778358306.8550956,logs,GET,6.39,200
1778358307.8301227,status,GET,1.42,200
1778358307.8565736,logs,GET,6.41,200
1778358308.8315744,status,GET,1.35,200
1778358308.862166,logs,GET,6.27,200
1778358309.83021,status,GET,1.26,200
1778358309.8561475,logs,GET,5.45,200
1778358310.8340719,status,GET,1.26,200
1778358310.8617034,logs,GET,5.69,200
1778358311.830966,status,GET,1.24,200
1778358311.8615816,logs,GET,6.15,200
1778358312.831768,status,GET,1.44,200
1778358312.8601437,logs,GET,6.2,200
1778358313.8226604,status,GET,1.25,200
1778358313.8487012,logs,GET,6.41,200
1778358314.8275945,status,GET,1.45,200
1778358314.8529918,logs,GET,6.43,200
1778358315.8306327,status,GET,1.25,200
1778358315.85759,logs,GET,6.24,200
1778358316.829939,status,GET,1.25,200
1778358316.8604429,logs,GET,6.39,200
1778358317.8283308,status,GET,1.29,200
1778358317.8544736,logs,GET,6.25,200
1778358318.8244817,status,GET,1.27,200
1778358318.8506157,logs,GET,6.29,200
1778358319.8330986,status,GET,1.27,200
1778358319.8621168,logs,GET,5.29,200
1778358320.8283527,status,GET,1.27,200
1778358320.8561957,logs,GET,6.38,200
1778358321.8313777,status,GET,1.42,200
1778358321.8584144,logs,GET,6.09,200
1778358322.831883,status,GET,1.48,200
1778358322.8571978,logs,GET,5.49,200
1778358323.830259,status,GET,1.26,200
1778358323.8554747,logs,GET,6.24,200
1778358324.8325007,status,GET,1.26,200
1778358324.8609366,logs,GET,6.32,200
1778358325.8316276,status,GET,1.45,200
1778358325.8570058,logs,GET,6.18,200
1778358326.833207,status,GET,1.28,200
1778358326.8582082,logs,GET,6.22,200
1778358327.8336225,status,GET,1.25,200
1778358327.858394,logs,GET,6.26,200
1778358328.8325167,status,GET,1.28,200
1778358328.860122,logs,GET,6.29,200
1778358329.8319676,status,GET,1.35,200
1778358329.8590233,logs,GET,6.18,200
1778358330.8296025,status,GET,1.25,200
1778358330.857283,logs,GET,6.47,200
1778358331.8351164,status,GET,1.25,200
1778358331.8641984,logs,GET,6.36,200
1778358332.8282866,status,GET,1.51,200
1778358332.8550057,logs,GET,6.23,200
1778358333.83322,status,GET,1.26,200
1778358333.86618,logs,GET,6.16,200
1778358334.839265,status,GET,1.38,200
1778358334.868363,logs,GET,6.44,200
1778358335.8222928,status,GET,1.26,200
1778358335.8544633,logs,GET,6.13,200
1778358336.8284028,status,GET,1.3,200
1778358336.861384,logs,GET,6.37,200
1778358337.82449,status,GET,1.29,200
1778358337.8549647,logs,GET,6.23,200
1778358338.8287482,status,GET,1.26,200
1778358338.8565536,logs,GET,6.41,200
1778358339.8303242,status,GET,1.27,200
1778358339.8568087,logs,GET,6.43,200
1778358340.828227,status,GET,1.41,200
1778358340.8550396,logs,GET,6.28,200
1778358341.8277924,status,GET,1.46,200
1778358341.854526,logs,GET,6.25,200
1778358342.8302312,status,GET,1.28,200
1778358342.8564386,logs,GET,6.3,200
1778358343.835407,status,GET,1.44,200
1778358343.8638017,logs,GET,6.14,200
1778358344.8324282,status,GET,1.28,200
1778358344.8605437,logs,GET,5.36,200
1778358345.8300452,status,GET,1.26,200
1778358345.8563075,logs,GET,6.29,200
1778358346.830755,status,GET,1.24,200
1778358346.8566072,logs,GET,6.35,200
1778358347.8317752,status,GET,1.48,200
1778358347.859165,logs,GET,6.34,200
1778358348.8280945,status,GET,1.32,200
1778358348.854504,logs,GET,6.14,200
1778358349.83073,status,GET,1.24,200
1778358349.854638,logs,GET,6.12,200
1778358350.8223143,status,GET,1.08,200
1778358350.847555,logs,GET,5.46,200
1778358351.831328,status,GET,1.18,200
1778358351.8557873,logs,GET,5.61,200
1778358352.8483794,status,GET,1.12,200
1778358352.9052088,logs,GET,6.4,200
1778358353.8218632,status,GET,1.09,200
1778358353.8499098,logs,GET,5.44,200
1778358354.8323085,status,GET,1.12,200
1778358354.863434,logs,GET,5.48,200
1778358355.8304014,status,GET,1.08,200
1778358355.8575113,logs,GET,5.45,200
1778358356.831817,status,GET,1.17,200
1778358356.8587878,logs,GET,5.46,200
1778358357.8322315,status,GET,1.12,200
1778358357.8561702,logs,GET,5.56,200
1778358358.8675795,status,GET,1.25,200
1778358358.9369836,logs,GET,5.28,200
1778358359.831685,status,GET,1.05,200
1778358359.8959749,logs,GET,4.63,200
1778358360.8305671,status,GET,1.24,200
1778358360.854564,logs,GET,4.2,200
1778358361.8186598,status,GET,1.24,200
1778358361.8491747,logs,GET,6.41,200
1778358362.8322632,status,GET,1.26,200
1778358362.858611,logs,GET,6.39,200
1778358363.830576,status,GET,1.25,200
1778358363.8571794,logs,GET,6.39,200
1778358364.8327978,status,GET,1.25,200
1778358364.8566844,logs,GET,6.39,200
1778358365.8329952,status,GET,1.25,200
1778358365.9336638,logs,GET,5.34,200
1778358366.8305354,status,GET,1.25,200
1778358366.8597271,logs,GET,6.36,200
1778358367.8251047,status,GET,1.26,200
1778358367.852798,logs,GET,6.4,200
1778358368.8224802,status,GET,1.26,200
1778358368.8505602,logs,GET,6.37,200
1778358369.8207684,status,GET,1.26,200
1778358369.8479478,logs,GET,6.18,200
1778358370.821273,status,GET,1.27,200
1778358370.850832,logs,GET,5.44,200
1778358371.8321247,status,GET,1.36,200
1778358371.8577337,logs,GET,6.26,200
1778358372.828851,status,GET,1.26,200
1778358372.8574436,logs,GET,6.34,200
1778358373.8342981,status,GET,1.26,200
1778358373.8608758,logs,GET,6.17,200
1778358374.8275812,status,GET,1.34,200
1778358374.8559432,logs,GET,5.51,200
1778358375.830758,status,GET,1.26,200
1778358375.8573763,logs,GET,6.31,200
1778358376.8242333,status,GET,1.37,200
1778358376.8489416,logs,GET,6.36,200
1778358377.8300111,status,GET,1.25,200
1778358377.8608727,logs,GET,6.18,200
1778358378.8312192,status,GET,1.32,200
1778358378.8568163,logs,GET,6.4,200
1778358379.831673,status,GET,1.43,200
1778358379.8568182,logs,GET,6.45,200
1778358380.8287973,status,GET,1.27,200
1778358380.8639667,logs,GET,6.31,200
1778358381.8322823,status,GET,1.4,200
1778358381.8585937,logs,GET,6.05,200
1778358382.8302712,status,GET,1.25,200
1778358382.889274,logs,GET,5.42,200
1778358383.821331,status,GET,1.25,200
1778358383.8472815,logs,GET,6.4,200
1778358384.8262107,status,GET,1.25,200
1778358384.8549857,logs,GET,6.23,200
1778358385.8339489,status,GET,1.26,200
1778358385.8613951,logs,GET,6.31,200
1778358386.8391197,status,GET,1.41,200
1778358386.8684852,logs,GET,6.35,200
1778358387.8284428,status,GET,1.25,200
1778358387.8610373,logs,GET,6.34,200
1778358388.830521,status,GET,1.24,200
1778358388.86288,logs,GET,6.32,200
1778358389.8413298,status,GET,1.27,200
1778358389.8721457,logs,GET,6.41,200
1778358390.8316188,status,GET,1.17,200
1778358390.8554804,logs,GET,5.35,200
1778358391.8286755,status,GET,1.29,200
1778358391.8556485,logs,GET,6.37,200
1778358392.8293438,status,GET,1.25,200
1778358392.8569815,logs,GET,6.44,200
1778358393.8283887,status,GET,1.25,200
1778358393.8538043,logs,GET,5.43,200
1778358394.8296757,status,GET,1.24,200
1778358394.8592534,logs,GET,6.22,200
1778358395.8511446,status,GET,1.35,200
1778358395.8849106,logs,GET,6.46,200
1778358396.8419104,status,GET,1.26,200
1778358396.871117,logs,GET,6.43,200
1778358397.832414,status,GET,1.26,200
1778358397.8631794,logs,GET,6.42,200
1778358398.8220403,status,GET,1.26,200
1778358398.8547912,logs,GET,6.24,200
1778358399.8236332,status,GET,1.31,200
1778358399.8511827,logs,GET,6.38,200
1778358400.825754,status,GET,1.25,200
1778358400.852098,logs,GET,5.52,200
1778358401.8312194,status,GET,1.42,200
1778358401.8607771,logs,GET,5.46,200
1778358402.836066,status,GET,1.38,200
1778358402.8679352,logs,GET,6.28,200
1778358403.8290017,status,GET,1.26,200
1778358403.8550887,logs,GET,6.36,200
1778358404.8269928,status,GET,1.25,200
1778358404.8568416,logs,GET,6.14,200
1778358405.8316948,status,GET,1.33,200
1778358405.859836,logs,GET,6.45,200
1778358406.8304636,status,GET,1.25,200
1778358406.8657696,logs,GET,6.18,200
1778358407.8368125,status,GET,1.25,200
1778358407.8725166,logs,GET,6.36,200
1778358408.8346775,status,GET,1.26,200
1778358408.863596,logs,GET,6.22,200
1778358409.8292236,status,GET,1.25,200
1778358409.8589854,logs,GET,6.29,200
1778358410.8364813,status,GET,1.27,200
1778358410.9058783,logs,GET,6.26,200
1778358411.8346741,status,GET,1.26,200
1778358411.864575,logs,GET,5.41,200
1778358412.8337748,status,GET,0.97,200
1778358412.8714902,logs,GET,5.07,200
1778358413.836042,status,GET,1.16,200
1778358413.8684938,logs,GET,5.4,200
1778358414.8373895,status,GET,1.09,200
1778358414.8761826,logs,GET,6.09,200
1778358415.8330305,status,GET,1.26,200
1778358415.864389,logs,GET,6.43,200
1778358416.8400114,status,GET,1.02,200
1778358416.877792,logs,GET,5.34,200
1778358417.8327417,status,GET,0.99,200
1778358417.8729227,logs,GET,5.3,200
1778358418.8359149,status,GET,1.16,200
1778358418.8684018,logs,GET,5.58,200
1778358419.8308969,status,GET,1.1,200
1778358419.8607516,logs,GET,5.32,200
1778358420.8281605,status,GET,1.9,200
1778358420.8589976,logs,GET,4.86,200
1778358421.8388891,status,GET,1.27,200
1778358421.871345,logs,GET,4.76,200
1778358422.8425322,status,GET,1.24,200
1778358422.879475,logs,GET,4.72,200
1778358423.8356183,status,GET,1.32,200
1778358423.8678937,logs,GET,6.43,200
1778358424.8420446,status,GET,1.26,200
1778358424.8784208,logs,GET,6.23,200
1778358425.8248222,status,GET,1.26,200
1778358425.8547835,logs,GET,7.23,200
1778358426.835184,status,GET,1.42,200
1778358426.8723738,logs,GET,6.43,200
1778358427.8339102,status,GET,1.25,200
1778358427.8767035,logs,GET,6.46,200
1778358428.8350468,status,GET,1.26,200
1778358428.8698661,logs,GET,6.26,200
1778358429.845524,status,GET,1.26,200
1778358429.8816643,logs,GET,6.3,200
1778358430.837261,status,GET,1.24,200
1778358430.870318,logs,GET,6.26,200
1778358431.833383,status,GET,2.47,200
1778358431.8636444,logs,GET,6.41,200
1778358432.8244603,status,GET,1.26,200
1778358432.867083,logs,GET,6.22,200
1778358433.841014,status,GET,1.28,200
1778358433.8776748,logs,GET,5.44,200
1778358434.8593876,status,GET,1.34,200
1778358434.8936276,logs,GET,5.42,200
1778358435.840415,status,GET,1.26,200
1778358435.874213,logs,GET,6.32,200
1778358436.8401635,status,GET,1.37,200
1778358436.8803594,logs,GET,7.27,200
1778358437.8387523,status,GET,1.24,200
1778358437.8687875,logs,GET,6.21,200
1778358438.838363,status,GET,1.28,200
1778358438.874451,logs,GET,6.37,200
1778358439.837916,status,GET,1.26,200
1778358439.874125,logs,GET,6.18,200
1778358440.8259623,status,GET,1.26,200
1778358440.8530574,logs,GET,6.29,200
1778358441.8318348,status,GET,1.44,200
1778358441.861731,logs,GET,5.37,200
1778358442.8442495,status,GET,2.63,200
1778358442.8751976,logs,GET,5.55,200
1778358443.8359056,status,GET,1.43,200
1778358443.8685856,logs,GET,6.4,200
1778358444.8347003,status,GET,1.27,200
1778358444.8645802,logs,GET,6.31,200
1778358445.8398986,status,GET,1.54,200
1778358445.8797526,logs,GET,6.3,200
1778358446.8406503,status,GET,1.3,200
1778358446.8836725,logs,GET,6.24,200
1778358447.8389997,status,GET,1.31,200
1778358447.8760672,logs,GET,7.25,200
1778358448.8356209,status,GET,1.46,200
1778358448.8649914,logs,GET,6.28,200
1778358449.8398688,status,GET,1.33,200
1778358449.8787742,logs,GET,6.2,200
1778358450.8394606,status,GET,1.44,200
1778358450.8781521,logs,GET,6.13,200
1778358451.8317413,status,GET,1.46,200
1778358451.8692825,logs,GET,5.43,200
1778358452.8523467,status,GET,1.25,200
1778358452.8853247,logs,GET,5.4,200
1778358453.8386328,status,GET,2.39,200
1778358453.8716147,logs,GET,6.28,200
1778358454.8349552,status,GET,1.26,200
1778358454.8698995,logs,GET,6.18,200
1778358455.84206,status,GET,1.26,200
1778358455.8737001,logs,GET,6.18,200
1778358456.8436677,status,GET,1.45,200
1778358456.879393,logs,GET,6.39,200
1778358457.837629,status,GET,1.26,200
1778358457.8870044,logs,GET,6.18,200
1778358458.8364983,status,GET,1.28,200
1778358458.8781416,logs,GET,7.61,200
1778358459.8388875,status,GET,1.25,200
1778358459.8813937,logs,GET,6.17,200
1778358460.8299444,status,GET,1.27,200
1778358460.8717105,logs,GET,6.38,200
1778358461.8327498,status,GET,1.1,200
1778358461.864966,logs,GET,5.45,200
1778358462.834436,status,GET,1.09,200
1778358462.86867,logs,GET,6.4,200
1778358463.8274317,status,GET,1.04,200
1778358463.8539863,logs,GET,4.73,200
1778358464.8251126,status,GET,2.25,200
1778358464.863712,logs,GET,5.39,200
1778358465.8445683,status,GET,0.99,200
1778358465.8833454,logs,GET,4.72,200
1778358466.8370433,status,GET,1.28,200
1778358466.8780506,logs,GET,6.36,200
1778358467.831393,status,GET,1.18,200
1778358467.8703325,logs,GET,5.46,200
1778358468.8408914,status,GET,1.26,200
1778358468.8791175,logs,GET,6.32,200
1778358469.8656042,status,GET,1.26,200
1778358469.9008982,logs,GET,7.5,200
1778358470.8408985,status,GET,1.26,200
1778358470.8729675,logs,GET,5.49,200
1778358471.8358727,status,GET,1.28,200
1778358471.8709724,logs,GET,5.43,200
1778358472.8400447,status,GET,1.05,200
1778358472.878022,logs,GET,5.34,200
1778358473.8333554,status,GET,0.98,200
1778358473.8663554,logs,GET,4.67,200
1778358474.836357,status,GET,1.02,200
1778358474.868661,logs,GET,4.69,200
1778358475.834992,status,GET,2.81,200
1778358475.8687036,logs,GET,4.91,200
1778358476.840229,status,GET,1.0,200
1778358476.8771043,logs,GET,5.42,200
1778358477.8379834,status,GET,1.25,200
1778358477.8730276,logs,GET,4.52,200
1778358478.8269506,status,GET,1.24,200
1778358478.863478,logs,GET,6.21,200
1778358479.8287508,status,GET,1.27,200
1778358479.8590965,logs,GET,6.21,200
1778358480.846478,status,GET,1.26,200
1778358480.8775644,logs,GET,6.35,200
1778358481.8376842,status,GET,1.25,200
1778358481.8697655,logs,GET,6.37,200
1778358482.8385708,status,GET,1.26,200
1778358482.8687723,logs,GET,5.43,200
1778358483.8425922,status,GET,1.25,200
1778358483.8769715,logs,GET,6.5,200
1778358484.8372886,status,GET,1.25,200
1778358484.8656616,logs,GET,6.2,200
1778358485.8385491,status,GET,1.24,200
1778358485.876581,logs,GET,6.41,200
1778358486.8449912,status,GET,1.27,200
1778358486.8944793,logs,GET,6.18,200
1778358487.838215,status,GET,1.27,200
1778358487.873032,logs,GET,6.51,200
1778358488.8404584,status,GET,1.3,200
1778358488.8730452,logs,GET,6.45,200
1778358489.8406894,status,GET,1.26,200
1778358489.871583,logs,GET,6.44,200
1778358490.826653,status,GET,1.24,200
1778358490.8615057,logs,GET,6.31,200
1778358491.8364222,status,GET,1.29,200
1778358491.8680844,logs,GET,6.47,200
1778358492.8399012,status,GET,1.44,200
1778358492.8747091,logs,GET,6.38,200
1778358493.8377912,status,GET,1.26,200
1778358493.868801,logs,GET,5.4,200
1778358494.8304079,status,GET,1.27,200
1778358494.8770723,logs,GET,5.45,200
1778358495.8377998,status,GET,1.25,200
1778358495.8855143,logs,GET,6.2,200
1778358496.83718,status,GET,1.27,200
1778358496.872772,logs,GET,6.42,200
1778358497.8368073,status,GET,1.25,200
1778358497.8734164,logs,GET,6.2,200
1778358498.8355165,status,GET,1.32,200
1778358498.8705392,logs,GET,6.11,200
1778358499.8238175,status,GET,1.43,200
1778358499.8568428,logs,GET,6.42,200
1778358500.828583,status,GET,1.27,200
1778358500.8622642,logs,GET,6.28,200
1778358501.8598769,status,GET,1.32,200
1778358501.909496,logs,GET,6.24,200
1778358502.8372097,status,GET,1.26,200
1778358502.8657598,logs,GET,6.13,200
1778358503.825759,status,GET,1.26,200
1778358503.8587325,logs,GET,6.32,200
1778358504.8460846,status,GET,1.26,200
1778358504.879478,logs,GET,6.29,200
1778358505.8381522,status,GET,1.24,200
1778358505.8775089,logs,GET,6.46,200
1778358506.8303216,status,GET,1.26,200
1778358506.8670332,logs,GET,6.36,200
1778358507.8437123,status,GET,1.44,200
1778358507.8789208,logs,GET,6.25,200
1778358508.8403409,status,GET,1.26,200
1778358508.8695648,logs,GET,6.17,200
1778358509.8323257,status,GET,1.27,200
1778358509.8755233,logs,GET,6.38,200
1778358510.8422585,status,GET,1.25,200
1778358510.8780208,logs,GET,6.16,200
1778358511.839808,status,GET,1.32,200
1778358511.876944,logs,GET,6.45,200
1778358512.8404045,status,GET,1.3,200
1778358512.8920052,logs,GET,6.45,200
1778358513.8383462,status,GET,1.26,200
1778358513.8685663,logs,GET,6.3,200
1778358514.8291676,status,GET,1.26,200
1778358514.8566551,logs,GET,5.48,200
1778358515.842589,status,GET,1.25,200
1778358515.8745224,logs,GET,6.25,200
1778358516.8438346,status,GET,1.43,200
1778358516.8773055,logs,GET,6.47,200
1778358517.8387613,status,GET,1.25,200
1778358517.871724,logs,GET,6.47,200
1778358518.833882,status,GET,1.25,200
1778358518.877338,logs,GET,6.31,200
1778358519.8242095,status,GET,1.54,200
1778358519.8608093,logs,GET,6.27,200
1778358520.832066,status,GET,1.39,200
1778358520.8679326,logs,GET,6.24,200
1778358521.832159,status,GET,1.31,200
1778358521.8739798,logs,GET,5.35,200
1778358522.9043188,status,GET,1.33,200
1778358522.9393914,logs,GET,6.37,200
1778358523.8288577,status,GET,1.1,200
1778358523.853586,logs,GET,5.44,200
1778358524.829084,status,GET,0.97,200
1778358524.8539495,logs,GET,4.79,200
1778358525.8422508,status,GET,1.25,200
1778358525.872617,logs,GET,6.47,200
1778358526.835035,status,GET,1.08,200
1778358526.8620956,logs,GET,4.69,200
1778358527.8434043,status,GET,1.16,200
1778358527.874597,logs,GET,5.35,200
1778358528.8422318,status,GET,1.25,200
1778358528.9495022,logs,GET,5.32,200
1778358529.8385515,status,GET,1.24,200
1778358529.8712757,logs,GET,6.2,200
1778358530.8349483,status,GET,1.25,200
1778358530.870539,logs,GET,6.2,200
1778358531.8373222,status,GET,1.18,200
1778358531.8682616,logs,GET,6.2,200
1778358532.8379817,status,GET,0.98,200
1778358532.8789623,logs,GET,6.37,200
1778358533.8301265,status,GET,1.09,200
1778358533.8567734,logs,GET,5.45,200
1778358534.8374395,status,GET,0.97,200
1778358534.8734598,logs,GET,4.79,200
1778358535.84071,status,GET,0.97,200
1778358535.8812778,logs,GET,4.64,200
1778358536.8409874,status,GET,1.1,200
1778358536.872892,logs,GET,5.55,200
1778358537.834485,status,GET,0.98,200
1778358537.8768456,logs,GET,5.38,200
1778358538.8378687,status,GET,0.98,200
1778358538.8751824,logs,GET,4.73,200
1778358539.8358858,status,GET,1.12,200
1778358539.8776448,logs,GET,4.7,200
1778358540.831569,status,GET,1.46,200
1778358540.864933,logs,GET,4.65,200
1778358541.8430927,status,GET,2.85,200
1778358541.8875685,logs,GET,4.8,200
1778358542.8325653,status,GET,1.27,200
1778358542.8660543,logs,GET,6.34,200
1778358543.83995,status,GET,1.45,200
1778358543.869773,logs,GET,6.27,200
1778358544.8488777,status,GET,1.25,200
1778358544.8863227,logs,GET,6.17,200
1778358545.8312445,status,GET,1.41,200
1778358545.87398,logs,GET,5.46,200
1778358546.8371909,status,GET,1.26,200
1778358546.8769429,logs,GET,5.45,200
1778358547.8404956,status,GET,1.26,200
1778358547.874365,logs,GET,6.29,200
1778358548.8385444,status,GET,1.25,200
1778358548.8731794,logs,GET,6.33,200
1778358549.8386738,status,GET,1.27,200
1778358549.8766046,logs,GET,6.26,200
1778358550.83598,status,GET,1.41,200
1778358550.8720496,logs,GET,6.43,200
1778358551.8409572,status,GET,1.26,200
1778358551.878454,logs,GET,6.34,200
1778358552.8392,status,GET,1.42,200
1778358552.877666,logs,GET,5.37,200
1778358553.8325217,status,GET,1.27,200
1778358553.8667095,logs,GET,6.38,200
1778358554.8307335,status,GET,1.27,200
1778358554.8870256,logs,GET,6.17,200
1778358555.8347108,status,GET,1.26,200
1778358555.8783138,logs,GET,6.18,200
1778358556.8398352,status,GET,1.42,200
1778358556.880733,logs,GET,6.33,200
1778358557.8335724,status,GET,1.26,200
1778358557.887805,logs,GET,5.61,200
1778358558.838317,status,GET,1.24,200
1778358558.8746936,logs,GET,5.49,200
1778358559.8352587,status,GET,1.34,200
1778358559.8661811,logs,GET,6.35,200
1778358560.829712,status,GET,1.26,200
1778358560.8625743,logs,GET,6.31,200
1778358561.8410077,status,GET,1.26,200
1778358561.8725371,logs,GET,6.45,200
1778358562.8324258,status,GET,1.3,200
1778358562.876274,logs,GET,5.54,200
1778358563.8403635,status,GET,1.31,200
1778358563.8803802,logs,GET,5.39,200
1778358564.835627,status,GET,1.38,200
1778358564.8721247,logs,GET,6.28,200
1778358565.828809,status,GET,1.27,200
1778358565.8607008,logs,GET,6.39,200
1778358566.837823,status,GET,1.26,200
1778358566.873087,logs,GET,6.18,200
1778358567.8408494,status,GET,1.26,200
1778358567.8737547,logs,GET,6.15,200
1778358568.8424523,status,GET,1.26,200
1778358568.888109,logs,GET,6.44,200
1778358569.8400676,status,GET,1.35,200
1778358569.8711684,logs,GET,6.38,200
1778358570.8259273,status,GET,1.26,200
1778358570.8606746,logs,GET,6.35,200
1778358571.8383586,status,GET,1.25,200
1778358571.8852305,logs,GET,6.11,200
1778358572.8477964,status,GET,1.4,200
1778358572.8946722,logs,GET,6.13,200
1778358573.8358166,status,GET,1.43,200
1778358573.8809433,logs,GET,5.56,200
1778358574.841956,status,GET,1.09,200
1778358574.884758,logs,GET,5.47,200
1778358575.8344388,status,GET,1.11,200
1778358575.8664231,logs,GET,5.51,200
1778358576.8264527,status,GET,1.25,200
1778358576.8584306,logs,GET,6.34,200
1778358577.835988,status,GET,1.44,200
1778358577.878447,logs,GET,6.2,200
1778358578.8325727,status,GET,1.26,200
1778358578.8718824,logs,GET,6.4,200
1778358579.838558,status,GET,1.25,200
1778358579.8738227,logs,GET,6.1,200
1778358580.837677,status,GET,1.24,200
1778358580.8645127,logs,GET,6.31,200
1778358581.832176,status,GET,1.33,200
1778358581.8649356,logs,GET,6.07,200
1778358582.8372803,status,GET,1.1,200
1778358582.8802714,logs,GET,5.29,200
1778358583.8314478,status,GET,1.27,200
1778358583.8635428,logs,GET,5.5,200
1778358584.8376517,status,GET,1.24,200
1778358584.8718758,logs,GET,6.24,200
1778358585.835063,status,GET,1.33,200
1778358585.873043,logs,GET,6.47,200
1778358586.8334558,status,GET,1.28,200
1778358586.8752985,logs,GET,6.42,200
1778358587.8422472,status,GET,1.25,200
1778358587.8805833,logs,GET,6.45,200
1778358588.8299477,status,GET,1.09,200
1778358588.8637586,logs,GET,5.34,200
1778358589.8332088,status,GET,1.26,200
1778358589.8650935,logs,GET,6.45,200
1778358590.8293128,status,GET,1.09,200
1778358590.8622806,logs,GET,5.43,200
1778358591.8344257,status,GET,1.26,200
1778358591.867063,logs,GET,6.17,200
1778358592.8397768,status,GET,1.36,200
1778358592.8797762,logs,GET,6.25,200
1778358593.838961,status,GET,1.25,200
1778358593.8791335,logs,GET,6.36,200
1778358594.840966,status,GET,1.09,200
1778358594.8816833,logs,GET,5.31,200
1778358595.8346531,status,GET,1.27,200
1778358595.8784623,logs,GET,4.29,200
1778358596.8440545,status,GET,1.32,200
1778358596.8894436,logs,GET,4.75,200
1778358597.8254192,status,GET,1.09,200
1778358597.8632147,logs,GET,5.54,200
1778358598.8333502,status,GET,1.26,200
1778358598.8688338,logs,GET,6.16,200
1778358599.8478858,status,GET,1.31,200
1778358599.9020934,logs,GET,6.07,200
1778358600.8339484,status,GET,1.25,200
1778358600.8672693,logs,GET,6.14,200
1778358601.842663,status,GET,1.22,200
1778358601.8777003,logs,GET,6.28,200
1778358602.8386705,status,GET,1.24,200
1778358602.8774335,logs,GET,6.11,200
1778358603.8413053,status,GET,1.26,200
1778358603.8794422,logs,GET,6.36,200
1778358604.8372524,status,GET,1.24,200
1778358604.8783598,logs,GET,6.24,200
1778358605.834722,status,GET,1.25,200
1778358605.878665,logs,GET,6.07,200
1778358606.8853798,status,GET,1.25,200
1778358606.9432344,logs,GET,6.2,200
1778358607.8379362,status,GET,1.24,200
1778358607.8756242,logs,GET,6.4,200
1778358608.8469849,status,GET,1.23,200
1778358608.890193,logs,GET,6.35,200
1778358609.8405445,status,GET,1.27,200
1778358609.8843424,logs,GET,6.38,200
1778358610.8393772,status,GET,1.49,200
1778358610.8772871,logs,GET,6.46,200
1778358611.8391886,status,GET,1.32,200
1778358611.8779597,logs,GET,6.33,200
1778358612.8378227,status,GET,1.23,200
1778358612.885546,logs,GET,6.24,200
1778358613.8378222,status,GET,1.24,200
1778358613.8789268,logs,GET,6.25,200
1778358614.8395169,status,GET,1.5,200
1778358614.880647,logs,GET,6.04,200
1778358615.8373177,status,GET,1.26,200
1778358615.8709116,logs,GET,6.28,200
1778358616.8373873,status,GET,1.24,200
1778358616.879747,logs,GET,6.35,200
1778358617.8410363,status,GET,1.24,200
1778358617.8949206,logs,GET,6.14,200
1778358618.833975,status,GET,1.24,200
1778358618.8858626,logs,GET,6.14,200
1778358619.8380322,status,GET,1.23,200
1778358619.8861895,logs,GET,6.3,200
1778358620.8402822,status,GET,1.43,200
1778358620.8723786,logs,GET,6.41,200
1778358621.8430767,status,GET,1.38,200
1778358621.8728056,logs,GET,6.46,200
1778358622.8407142,status,GET,1.25,200
1778358622.8923218,logs,GET,6.35,200
1778358623.8392859,status,GET,1.37,200
1778358623.8755836,logs,GET,6.21,200
1778358624.837819,status,GET,1.23,200
1778358624.8767285,logs,GET,6.03,200
1778358625.8479302,status,GET,1.39,200
1778358625.8990495,logs,GET,5.68,200
1778358626.851419,status,GET,1.39,200
1778358626.891899,logs,GET,6.15,200
1778358627.8361464,status,GET,1.31,200
1778358627.8890169,logs,GET,6.23,200
1778358628.8312361,status,GET,1.33,200
1778358628.8650982,logs,GET,6.07,200
1778358629.8446267,status,GET,1.24,200
1778358629.8817048,logs,GET,6.38,200
1778358630.8419702,status,GET,1.26,200
1778358630.882094,logs,GET,6.32,200
1778358631.841843,status,GET,1.24,200
1778358631.8871498,logs,GET,6.42,200
1778358632.839845,status,GET,1.41,200
1778358632.8795443,logs,GET,6.47,200
1778358633.8470175,status,GET,1.3,200
1778358633.8839238,logs,GET,6.21,200
1778358634.8301387,status,GET,1.23,200
1778358634.8610458,logs,GET,6.24,200
1778358635.8284073,status,GET,1.11,200
1778358635.8652425,logs,GET,5.35,200
1778358636.8355024,status,GET,1.49,200
1778358636.883411,logs,GET,6.55,200
1778358637.8382697,status,GET,1.25,200
1778358637.8789926,logs,GET,6.21,200
1778358638.8419945,status,GET,1.23,200
1778358638.9006684,logs,GET,6.15,200
1778358639.8352585,status,GET,1.39,200
1778358639.8667078,logs,GET,6.27,200
1778358640.826345,status,GET,1.24,200
1778358640.8603656,logs,GET,6.46,200
1778358641.8406537,status,GET,1.27,200
1778358641.8734405,logs,GET,6.32,200
1778358642.8418615,status,GET,1.26,200
1778358642.879899,logs,GET,5.52,200
1778358643.835569,status,GET,1.34,200
1778358643.8645186,logs,GET,6.28,200
1778358644.8323529,status,GET,1.29,200
1778358644.8566577,logs,GET,6.37,200
1778358645.8337183,status,GET,1.23,200
1778358645.8647969,logs,GET,6.24,200
1778358646.8396432,status,GET,1.42,200
1778358646.888084,logs,GET,6.44,200
1778358647.8422172,status,GET,1.26,200
1778358647.8800235,logs,GET,5.39,200
1778358648.8395548,status,GET,1.33,200
1778358648.8811812,logs,GET,6.53,200
1778358649.8382707,status,GET,1.23,200
1778358649.8717453,logs,GET,6.42,200
1778358650.8412783,status,GET,1.07,200
1778358650.870721,logs,GET,5.24,200
1778358651.839999,status,GET,1.3,200
1778358651.887237,logs,GET,6.16,200
1778358652.836049,status,GET,1.09,200
1778358652.8646772,logs,GET,5.34,200
1778358653.8372104,status,GET,1.24,200
1778358653.869284,logs,GET,6.47,200
1778358654.8351586,status,GET,1.31,200
1778358654.8764298,logs,GET,4.69,200
1778358655.8393602,status,GET,1.26,200
1778358655.8931394,logs,GET,5.47,200
1778358656.838757,status,GET,1.07,200
1778358656.8861783,logs,GET,5.32,200
1778358657.8363023,status,GET,1.11,200
1778358657.8724868,logs,GET,5.51,200
1778358658.8364344,status,GET,1.1,200
1778358658.8778782,logs,GET,5.31,200
1778358659.8355649,status,GET,1.49,200
1778358659.8813696,logs,GET,6.15,200
1778358660.8368878,status,GET,1.25,200
1778358660.8718717,logs,GET,6.46,200
1778358661.8332286,status,GET,1.25,200
1778358661.860678,logs,GET,6.11,200
1778358662.8449066,status,GET,1.24,200
1778358662.888591,logs,GET,6.32,200
1778358663.83605,status,GET,1.32,200
1778358663.8681636,logs,GET,6.43,200
1778358664.8409314,status,GET,1.24,200
1778358664.8795238,logs,GET,5.47,200
1778358665.838676,status,GET,1.23,200
1778358665.8771799,logs,GET,6.14,200
1778358666.827571,status,GET,1.42,200
1778358666.8739407,logs,GET,6.09,200
1778358667.835843,status,GET,1.31,200
1778358667.8713012,logs,GET,6.24,200
1778358668.8353195,status,GET,1.33,200
1778358668.8672736,logs,GET,6.15,200
1778358669.8287306,status,GET,1.28,200
1778358669.8744738,logs,GET,6.33,200
1778358670.8291643,status,GET,1.25,200
1778358670.8635228,logs,GET,6.32,200
1778358671.838596,status,GET,1.23,200
1778358671.8713157,logs,GET,6.17,200
1778358672.8316083,status,GET,1.3,200
1778358672.8735921,logs,GET,6.14,200
1778358673.8259356,status,GET,1.24,200
1778358673.857,logs,GET,5.37,200
1778358674.8448675,status,GET,1.25,200
1778358674.8718936,logs,GET,5.38,200
1778358675.8263335,status,GET,1.24,200
1778358675.8571749,logs,GET,6.36,200
1778358676.8395696,status,GET,1.34,200
1778358676.8714452,logs,GET,6.34,200
1778358677.8341792,status,GET,1.23,200
1778358677.8748522,logs,GET,6.32,200
1778358678.8405666,status,GET,1.24,200
1778358678.8713844,logs,GET,6.22,200
1778358679.8344383,status,GET,1.23,200
1778358679.8638773,logs,GET,6.48,200
1778358680.8323622,status,GET,1.25,200
1778358680.8641136,logs,GET,6.46,200
1778358681.8423238,status,GET,1.25,200
1778358681.8854704,logs,GET,6.17,200
1778358682.8387399,status,GET,1.24,200
1778358682.8780673,logs,GET,6.11,200
1778358683.8368616,status,GET,1.25,200
1778358683.8655286,logs,GET,6.17,200
1778358684.8402483,status,GET,1.25,200
1778358684.8848734,logs,GET,6.42,200
1778358685.8463855,status,GET,1.24,200
1778358685.8819814,logs,GET,6.33,200
1778358686.8270903,status,GET,1.32,200
1778358686.8540213,logs,GET,6.38,200
1778358687.840308,status,GET,1.24,200
1778358687.8979247,logs,GET,5.6,200
1778358688.8341193,status,GET,1.22,200
1778358688.8726788,logs,GET,6.38,200
1778358689.83725,status,GET,1.22,200
1778358689.871515,logs,GET,6.39,200
1778358690.8364239,status,GET,1.26,200
1778358690.8675914,logs,GET,6.35,200
1778358691.8340526,status,GET,1.24,200
1778358691.8731065,logs,GET,6.39,200
1778358692.8414752,status,GET,1.24,200
1778358692.8746479,logs,GET,6.33,200
1778358693.8291607,status,GET,1.07,200
1778358693.8625257,logs,GET,5.32,200
1778358694.8439028,status,GET,1.24,200
1778358694.8779385,logs,GET,6.06,200
1778358695.85031,status,GET,1.24,200
1778358695.8813138,logs,GET,6.27,200
1778358696.8417535,status,GET,1.24,200
1778358696.8800218,logs,GET,6.34,200
1778358697.838272,status,GET,1.25,200
1778358697.8834512,logs,GET,6.35,200
1778358698.8398137,status,GET,1.4,200
1778358698.8801258,logs,GET,6.35,200
1778358699.8356676,status,GET,1.31,200
1778358699.890249,logs,GET,6.19,200
1778358700.8344157,status,GET,1.23,200
1778358700.8667533,logs,GET,6.15,200
1778358701.8362901,status,GET,1.29,200
1778358701.8671706,logs,GET,6.45,200
1778358702.8440943,status,GET,1.41,200
1778358702.8774304,logs,GET,6.19,200
1778358703.8395803,status,GET,1.43,200
1778358703.8724213,logs,GET,5.82,200
1778358704.8328748,status,GET,1.24,200
1778358704.8773105,logs,GET,6.29,200
1778358705.8377194,status,GET,1.24,200
1778358705.877862,logs,GET,6.11,200
1778358706.8459775,status,GET,1.23,200
1778358706.9048314,logs,GET,6.34,200
1778358707.8378582,status,GET,1.23,200
1778358707.880389,logs,GET,5.27,200
1778358708.8355234,status,GET,1.33,200
1778358708.8720367,logs,GET,6.46,200
1778358709.8399026,status,GET,1.3,200
1778358709.8802958,logs,GET,6.39,200
1778358710.8418849,status,GET,1.07,200
1778358710.8814359,logs,GET,5.44,200
1778358711.8403432,status,GET,1.07,200
1778358711.8814392,logs,GET,5.42,200
1778358712.8278515,status,GET,1.23,200
1778358712.8551617,logs,GET,5.55,200
1778358713.83931,status,GET,1.23,200
1778358713.885546,logs,GET,5.33,200
1778358714.8392527,status,GET,1.07,200
1778358714.8879738,logs,GET,4.68,200
1778358715.8397405,status,GET,1.01,200
1778358715.877722,logs,GET,4.84,200
1778358716.8372104,status,GET,1.24,200
1778358716.8797429,logs,GET,4.23,200
1778358717.835645,status,GET,1.3,200
1778358717.8804789,logs,GET,5.31,200
1778358718.8376007,status,GET,1.23,200
1778358718.8801537,logs,GET,6.28,200
1778358719.8394501,status,GET,1.41,200
1778358719.8850946,logs,GET,6.46,200
1778358720.8394327,status,GET,1.41,200
1778358720.873702,logs,GET,6.3,200
1778358721.8404815,status,GET,1.25,200
1778358721.88719,logs,GET,6.23,200
1778358722.8427422,status,GET,1.22,200
1778358722.8812594,logs,GET,6.11,200
1778358723.8387063,status,GET,1.25,200
1778358723.8686755,logs,GET,6.29,200
1778358724.8402715,status,GET,1.42,200
1778358724.880697,logs,GET,6.27,200
1778358725.841612,status,GET,1.24,200
1778358725.884089,logs,GET,6.44,200
1778358726.8436556,status,GET,1.5,200
1778358726.8782144,logs,GET,6.15,200
1778358727.8367603,status,GET,1.24,200
1778358727.8694277,logs,GET,6.34,200
1778358728.8415537,status,GET,1.24,200
1778358728.8726974,logs,GET,5.38,200
1778358729.8423166,status,GET,1.25,200
1778358729.874621,logs,GET,5.45,200
1778358730.839905,status,GET,1.4,200
1778358730.8945746,logs,GET,6.15,200
1778358731.8416278,status,GET,1.24,200
1778358731.8707016,logs,GET,6.24,200
1778358732.8322256,status,GET,1.25,200
1778358732.8771973,logs,GET,6.12,200
1778358733.85463,status,GET,1.24,200
1778358733.886855,logs,GET,6.31,200
1778358734.84483,status,GET,1.23,200
1778358734.8886669,logs,GET,6.25,200
1778358735.8381503,status,GET,1.25,200
1778358735.8793566,logs,GET,5.48,200
1778358736.8401272,status,GET,1.42,200
1778358736.8842056,logs,GET,6.35,200
1778358737.8400495,status,GET,1.41,200
1778358737.8761702,logs,GET,6.36,200
1778358738.8271763,status,GET,1.3,200
1778358738.8575156,logs,GET,6.11,200
1778358739.8383043,status,GET,1.22,200
1778358739.8743305,logs,GET,6.21,200
1778358740.8398657,status,GET,1.4,200
1778358740.8826063,logs,GET,6.39,200
1778358741.8363817,status,GET,1.25,200
1778358741.873046,logs,GET,6.39,200
1778358742.829892,status,GET,1.23,200
1778358742.859386,logs,GET,6.3,200
1778358743.8418164,status,GET,1.23,200
1778358743.8774574,logs,GET,6.32,200
1778358744.8396192,status,GET,1.3,200
1778358744.8713863,logs,GET,6.39,200
1778358745.8409643,status,GET,1.23,200
1778358745.874646,logs,GET,5.53,200
1778358746.8419194,status,GET,1.25,200
1778358746.876251,logs,GET,6.22,200
1778358747.829352,status,GET,1.24,200
1778358747.8690245,logs,GET,6.28,200
1778358748.8369794,status,GET,1.24,200
1778358748.8673542,logs,GET,6.36,200
1778358749.8420658,status,GET,1.22,200
1778358749.8910148,logs,GET,6.23,200
1778358750.8336751,status,GET,1.22,200
1778358750.8670735,logs,GET,6.42,200
1778358751.8380966,status,GET,1.26,200
1778358751.8696597,logs,GET,6.34,200
1778358752.847306,status,GET,1.41,200
1778358752.8823795,logs,GET,6.16,200
1778358753.8463826,status,GET,1.24,200
1778358753.8752182,logs,GET,6.33,200
1778358754.8432295,status,GET,1.39,200
1778358754.8922665,logs,GET,6.41,200
1778358755.8401155,status,GET,1.31,200
1778358755.9010415,logs,GET,5.67,200
1778358756.839289,status,GET,1.3,200
1778358756.8818414,logs,GET,6.32,200
1778358757.8410268,status,GET,1.25,200
1778358757.878148,logs,GET,6.13,200
1778358758.8405201,status,GET,1.25,200
1778358758.882308,logs,GET,6.17,200
1778358759.8447127,status,GET,1.26,200
1778358759.872844,logs,GET,5.46,200
1778358760.837875,status,GET,1.24,200
1778358760.8713312,logs,GET,6.33,200
1778358761.8447018,status,GET,1.25,200
1778358761.8778918,logs,GET,6.29,200
1778358762.8432496,status,GET,1.31,200
1778358762.8810093,logs,GET,6.22,200
1778358763.8280172,status,GET,1.42,200
1778358763.8574145,logs,GET,6.32,200
1778358764.8325837,status,GET,1.1,200
1778358764.8591943,logs,GET,6.22,200
1778358765.8445845,status,GET,1.26,200
1778358765.8825772,logs,GET,6.34,200
1778358766.8390357,status,GET,1.2,200
1778358766.8771484,logs,GET,6.3,200
1778358767.8286932,status,GET,1.09,200
1778358767.8624763,logs,GET,6.29,200
1778358768.8416815,status,GET,1.07,200
1778358768.8703067,logs,GET,5.31,200
1778358769.8435504,status,GET,1.04,200
1778358769.8735883,logs,GET,6.33,200
1778358770.8357463,status,GET,1.2,200
1778358770.8604906,logs,GET,5.34,200
1778358771.8294861,status,GET,1.08,200
1778358771.8583698,logs,GET,5.44,200
1778358772.8564243,status,GET,1.27,200
1778358772.888975,logs,GET,6.44,200
1778358773.8284407,status,GET,0.98,200
1778358773.8592937,logs,GET,4.75,200
1778358774.8426914,status,GET,0.97,200
1778358774.875696,logs,GET,4.66,200
1778358775.841323,status,GET,1.24,200
1778358775.9456258,logs,GET,4.8,200
1778358776.8432312,status,GET,1.34,200
1778358776.8816745,logs,GET,4.29,200
1778358777.841378,status,GET,1.21,200
1778358777.8678875,logs,GET,6.39,200
1778358778.8292816,status,GET,1.08,200
1778358778.8571136,logs,GET,5.39,200
1778358779.8395078,status,GET,1.44,200
1778358779.8730235,logs,GET,6.45,200
1778358780.8337846,status,GET,1.24,200
1778358780.863882,logs,GET,6.45,200
1778358781.8375053,status,GET,1.24,200
1778358781.8672383,logs,GET,6.23,200
1778358782.8365507,status,GET,1.26,200
1778358782.8732812,logs,GET,6.45,200
1778358783.8437169,status,GET,1.34,200
1778358783.8712847,logs,GET,6.4,200
1778358784.839352,status,GET,1.32,200
1778358784.8669078,logs,GET,6.34,200
1778358785.8390167,status,GET,1.25,200
1778358785.8656359,logs,GET,6.15,200
1778358786.836768,status,GET,1.24,200
1778358786.8637335,logs,GET,6.36,200
1778358787.8357089,status,GET,1.44,200
1778358787.8612921,logs,GET,6.26,200
1778358788.8351755,status,GET,1.4,200
1778358788.867865,logs,GET,6.21,200
1778358789.8333817,status,GET,1.25,200
1778358789.8597918,logs,GET,6.34,200
1778358790.8337362,status,GET,1.24,200
1778358790.8599637,logs,GET,6.4,200
1778358791.8431537,status,GET,1.39,200
1778358791.8901858,logs,GET,6.09,200
1778358792.8317974,status,GET,1.41,200
1778358792.8575625,logs,GET,6.36,200
1778358793.835368,status,GET,1.36,200
1778358793.8613584,logs,GET,6.27,200
1778358794.8319929,status,GET,1.36,200
1778358794.8596072,logs,GET,6.3,200
1778358795.832343,status,GET,1.25,200
1778358795.8589694,logs,GET,5.65,200
1778358796.8435953,status,GET,1.37,200
1778358796.8688965,logs,GET,5.47,200
1778358797.8292797,status,GET,1.26,200
1778358797.8556037,logs,GET,6.4,200
1778358798.840396,status,GET,1.26,200
1778358798.8760824,logs,GET,6.32,200
1778358799.8424928,status,GET,1.23,200
1778358799.8792107,logs,GET,6.14,200
1778358800.8305488,status,GET,1.25,200
1778358800.862091,logs,GET,5.32,200
1778358801.8366332,status,GET,1.25,200
1778358801.8664668,logs,GET,6.33,200
1778358802.8338282,status,GET,1.25,200
1778358802.8607836,logs,GET,5.48,200
1778358803.8350692,status,GET,1.39,200
1778358803.8709075,logs,GET,6.16,200
1778358804.8339097,status,GET,1.23,200
1778358804.864905,logs,GET,6.4,200
1778358805.8516958,status,GET,0.86,200
1778358805.8773708,logs,GET,3.64,200
1778358815.0937946,status,GET,0.59,200
1778358815.1150413,status,GET,0.61,200
1778358815.1184814,logs,GET,0.6,200
1778358815.1449769,status,GET,0.53,200
1778358815.1480968,logs,GET,0.39,200
1778358815.1688502,logs,GET,0.42,200
1778358815.8358064,status,GET,0.57,200
1778358815.8662307,logs,GET,0.42,200
1778358816.833727,status,GET,0.53,200
1778358816.8673246,logs,GET,0.51,200
1778358817.8355887,status,GET,0.53,200
1778358817.8593817,logs,GET,0.44,200
1778358818.8403215,status,GET,0.92,200
1778358818.8627498,logs,GET,0.4,200
1778358819.8443983,status,GET,1.26,200
1778358819.885165,logs,GET,0.95,200
1778358820.8374822,status,GET,1.28,200
1778358820.8572721,logs,GET,0.84,200
1778358820.8771632,set_mode,POST,3.79,200
1778358820.8978074,status,GET,1.11,200
1778358820.922112,logs,GET,0.96,200
1778358821.836085,status,GET,1.48,200
1778358821.856381,logs,GET,1.12,200
1778358822.834483,status,GET,2.29,200
1778358822.857963,logs,GET,1.1,200
1778358823.8392444,status,GET,1.44,200
1778358823.8910599,logs,GET,3.21,200
1778358823.9010608,pacer_start,POST,46.63,200
1778358824.8373833,status,GET,1.17,200
1778358824.8627338,logs,GET,1.55,200
1778358824.9128685,pacer_stop,POST,34.33,200
1778358825.8363123,status,GET,1.47,200
1778358825.8606582,logs,GET,2.57,200
1778358826.844778,status,GET,2.45,200
1778358826.8723617,logs,GET,2.93,200
1778358827.8402104,status,GET,1.47,200
1778358827.8811321,logs,GET,2.78,200
1778358828.840602,status,GET,1.3,200
1778358828.8760867,logs,GET,2.92,200
1778358829.8421288,status,GET,1.27,200
1778358829.871157,logs,GET,2.85,200
1778358830.8315973,status,GET,1.49,200
1778358830.8547468,logs,GET,2.7,200
1778358831.8360276,status,GET,1.39,200
1778358831.865568,logs,GET,3.91,200
1778358832.8393562,status,GET,1.44,200
1778358832.8644848,logs,GET,2.93,200
1778358833.836231,status,GET,1.55,200
1778358833.8769162,logs,GET,2.83,200
1778358834.8404512,status,GET,1.28,200
1778358834.877277,logs,GET,2.87,200
1778358835.8387442,status,GET,1.11,200
1778358835.8620436,logs,GET,2.75,200
1778358836.5982578,pacer_start,POST,39.42,200
1778358836.8311381,status,GET,1.41,200
1778358836.855585,logs,GET,4.53,200
1778358837.7485275,pacer_stop,POST,41.33,200
1778358837.8357115,status,GET,1.2,200
1778358837.8587697,logs,GET,3.29,200
1778358838.3596096,pacer_start,POST,38.16,200
1778358838.8366458,status,GET,1.17,200
1778358838.8656783,logs,GET,4.36,200
1778358838.9271827,pacer_stop,POST,40.45,200
1778358839.308519,pacer_start,POST,36.95,200
1778358839.688353,pacer_stop,POST,95.19,200
1778358839.835454,status,GET,1.39,200
1778358839.8898847,logs,GET,8.85,200
1778358839.8965259,pacer_start,POST,48.55,200
1778358840.2266533,pacer_stop,POST,55.97,200
1778358840.380341,pacer_start,POST,37.88,200
1778358840.6873436,pacer_stop,POST,55.09,200
1778358840.838499,status,GET,1.27,200
1778358840.86841,logs,GET,6.68,200
1778358841.8462782,pacer_start,POST,44.9,200
1778358841.8489382,status,GET,12.0,200
1778358841.8893557,logs,GET,6.6,200
1778358842.837917,status,GET,1.16,200
1778358842.8669713,logs,GET,5.86,200
1778358843.7283607,pacer_stop,POST,32.42,200
1778358843.8381374,status,GET,1.13,200
1778358843.86697,logs,GET,5.67,200
1778358844.843662,status,GET,1.34,200
1778358844.87515,logs,GET,6.62,200
1778358845.8343394,status,GET,1.11,200
1778358845.863941,logs,GET,6.52,200
1778358846.8382516,status,GET,2.06,200
1778358846.860819,logs,GET,5.8,200
1778358847.087877,pacer_start,POST,40.45,200
1778358847.838737,status,GET,1.17,200
1778358847.872181,logs,GET,9.33,200
1778358848.3518398,pacer_stop,POST,33.77,200
1778358848.8344612,status,GET,1.12,200
1778358848.860441,logs,GET,5.82,200
1778358849.3077557,pacer_start,POST,39.92,200
1778358849.8365664,status,GET,1.15,200
1778358849.8639402,logs,GET,5.08,200
1778358850.8523371,pacer_stop,POST,42.33,200
1778358850.853657,status,GET,16.32,200
1778358850.8827372,logs,GET,5.82,200
1778358851.8381636,status,GET,1.12,200
1778358851.860273,logs,GET,5.81,200
1778358852.0258787,pacer_start,POST,39.96,200
1778358852.8401873,status,GET,1.05,200
1778358852.86534,logs,GET,5.22,200
1778358852.9610379,pacer_stop,POST,34.95,200
1778358853.839527,status,GET,1.22,200
1778358853.8628361,logs,GET,5.88,200
1778358854.4944448,pacer_start,POST,43.21,200
1778358854.8381858,status,GET,1.02,200
1778358854.862474,logs,GET,5.18,200
1778358855.8374405,status,GET,1.03,200
1778358855.8632305,logs,GET,8.45,200
1778358856.8343916,status,GET,0.93,200
1778358856.857479,logs,GET,4.71,200
1778358857.2244122,pacer_stop,POST,42.72,200
1778358857.8356705,status,GET,1.18,200
1778358857.8632383,logs,GET,6.2,200
1778358858.5755246,pacer_start_all,POST,71.31,200
1778358858.835732,status,GET,1.21,200
1778358858.8673198,logs,GET,5.22,200
1778358859.834037,status,GET,1.14,200
1778358859.8607957,logs,GET,9.63,200
1778358860.830494,status,GET,1.15,200
1778358860.8567312,logs,GET,5.31,200
1778358861.8378184,status,GET,1.14,200
1778358861.8733816,logs,GET,9.77,200
1778358862.8456352,status,GET,12.72,200
1778358862.8775482,logs,GET,6.04,200
1778358863.8387725,status,GET,1.9,200
1778358863.8745143,logs,GET,5.35,200
1778358864.8483047,status,GET,1.18,200
1778358864.8925245,logs,GET,6.02,200
1778358865.8351166,status,GET,1.28,200
1778358865.8668888,logs,GET,5.99,200
1778358866.8395,status,GET,1.33,200
1778358866.8698816,logs,GET,6.1,200
1778358867.8424911,status,GET,1.15,200
1778358867.8823128,logs,GET,9.45,200
1778358868.389375,pacer_stop_all,POST,65.67,200
1778358868.8322937,status,GET,1.48,200
1778358868.860813,logs,GET,7.26,200
1778358869.303718,pacer_start_all,POST,68.04,200
1778358869.8425179,status,GET,1.04,200
1778358869.8774292,logs,GET,9.61,200
1778358870.840116,status,GET,1.18,200
1778358870.8697076,logs,GET,6.18,200
1778358871.8334389,status,GET,1.16,200
1778358871.8617895,logs,GET,5.52,200
1778358872.8399343,status,GET,1.2,200
1778358872.8696005,logs,GET,6.36,200
1778358873.8573697,status,GET,14.9,200
1778358873.8931108,logs,GET,5.49,200
1778358874.8459322,status,GET,1.15,200
1778358874.8927834,logs,GET,9.79,200
1778358875.8386128,status,GET,1.14,200
1778358875.8747616,logs,GET,9.95,200
1778358876.8426812,status,GET,1.14,200
1778358876.8792129,logs,GET,5.61,200
1778358877.8169346,pacer_stop_all,POST,55.3,200
1778358877.8386297,status,GET,1.29,200
1778358877.8681426,logs,GET,4.84,200
1778358878.8352404,status,GET,1.35,200
1778358878.8709905,logs,GET,7.19,200
1778358879.0500622,pacer_start_all,POST,66.32,200
1778358879.8374355,status,GET,1.16,200
1778358879.8631017,logs,GET,5.59,200
1778358880.3230085,pacer_stop_all,POST,65.31,200
1778358880.8361185,status,GET,1.34,200
1778358880.8655732,logs,GET,6.24,200
1778358881.7317016,pacer_start_all,POST,69.06,200
1778358881.8391583,status,GET,1.23,200
1778358881.866637,logs,GET,9.83,200
1778358882.792841,pacer_stop_all,POST,73.0,200
1778358882.8343816,status,GET,0.9,200
1778358882.8598218,logs,GET,4.79,200
1778358883.8365746,status,GET,1.29,200
1778358883.864989,logs,GET,7.06,200
1778358884.143893,pacer_start_all,POST,261.77,200
1778358884.835502,status,GET,1.22,200
1778358884.8626308,logs,GET,6.25,200
1778358885.2851999,pacer_stop_all,POST,92.94,200
1778358885.8320363,status,GET,2.53,200
1778358885.8637855,logs,GET,6.95,200
1778358886.445846,pacer_start_all,POST,73.34,200
1778358886.837567,status,GET,1.18,200
1778358886.865667,logs,GET,6.3,200
1778358887.6731312,pacer_stop_all,POST,75.28,200
1778358887.8397632,status,GET,1.41,200
1778358887.8667722,logs,GET,7.2,200
1778358888.7839308,pacer_start_all,POST,79.84,200
1778358888.834493,status,GET,0.87,200
1778358888.859202,logs,GET,4.42,200
1778358889.8335986,status,GET,1.19,200
1778358889.8780456,logs,GET,7.29,200
1778358889.931575,pacer_stop_all,POST,95.95,200
1778358890.8431678,status,GET,1.34,200
1778358890.8746176,logs,GET,7.0,200
1778358891.1281912,pacer_start_all,POST,74.88,200
1778358891.8390408,status,GET,1.24,200
1778358891.8731952,logs,GET,6.11,200
1778358892.3156607,pacer_stop_all,POST,78.85,200
1778358892.8328018,status,GET,1.29,200
1778358892.859906,logs,GET,6.94,200
1778358893.8361564,status,GET,1.43,200
1778358893.8608975,logs,GET,7.19,200
1778358894.8420305,status,GET,2.33,200
1778358894.8712327,logs,GET,6.15,200
1778358895.8330603,status,GET,1.29,200
1778358895.8622973,logs,GET,5.38,200
1778358896.8374746,status,GET,1.28,200
1778358896.8687608,logs,GET,6.92,200
1778358897.8501198,status,GET,1.27,200
1778358897.8884788,logs,GET,7.13,200
1778358898.842419,status,GET,1.26,200
1778358898.891725,logs,GET,6.91,200
1778358899.8417633,status,GET,1.26,200
1778358899.8756666,logs,GET,7.85,200
1778358900.845411,status,GET,1.27,200
1778358900.8818955,logs,GET,7.17,200
1778358901.8556616,status,GET,1.33,200
1778358901.893355,logs,GET,6.97,200
1778358902.858663,status,GET,1.26,200
1778358902.8956869,logs,GET,7.1,200
1778358903.8419702,status,GET,1.27,200
1778358903.8782492,logs,GET,7.06,200
1778358904.8478482,status,GET,1.35,200
1778358904.8867366,logs,GET,7.06,200
1778358905.8552582,status,GET,1.33,200
1778358905.8997424,logs,GET,6.92,200
1778358906.8586016,status,GET,1.18,200
1778358906.8946433,logs,GET,6.95,200
1778358907.8395157,status,GET,1.18,200
1778358907.8698392,logs,GET,6.1,200
1778358908.8455014,status,GET,1.1,200
1778358908.8815293,logs,GET,6.15,200
1778358909.8383026,status,GET,1.1,200
1778358909.878884,logs,GET,6.07,200
1778358910.8394544,status,GET,1.17,200
1778358910.8726456,logs,GET,6.07,200
1778358911.8498812,status,GET,1.1,200
1778358911.8804185,logs,GET,6.16,200
1778358912.8447585,status,GET,1.11,200
1778358912.884768,logs,GET,6.21,200
1778358913.8575351,status,GET,1.1,200
1778358913.8952925,logs,GET,6.0,200
1778358914.8567739,status,GET,0.99,200
1778358914.904459,logs,GET,5.37,200
1778358915.8349817,status,GET,0.99,200
1778358915.865908,logs,GET,5.34,200
1778358916.8438427,status,GET,1.33,200
1778358916.8887289,logs,GET,5.98,200
1778358917.8477206,status,GET,1.22,200
1778358917.8867614,logs,GET,6.13,200
1778358918.835118,status,GET,1.41,200
1778358918.8691618,logs,GET,7.18,200
1778358919.8436556,status,GET,1.45,200
1778358919.877404,logs,GET,7.12,200
1778358920.845162,status,GET,1.25,200
1778358920.8935986,logs,GET,5.98,200
1778358921.8407972,status,GET,1.27,200
1778358921.8846502,logs,GET,7.12,200
1778358922.8394005,status,GET,1.35,200
1778358922.875418,logs,GET,6.96,200
1778358923.8486414,status,GET,1.27,200
1778358923.8934093,logs,GET,7.19,200
1778358924.8473563,status,GET,1.34,200
1778358924.88324,logs,GET,6.88,200
1778358925.8377364,status,GET,1.25,200
1778358925.873333,logs,GET,6.1,200
1778358926.8402143,status,GET,1.33,200
1778358926.8778665,logs,GET,7.12,200
1778358927.8386512,status,GET,1.27,200
1778358927.876981,logs,GET,7.08,200
1778358928.8468668,status,GET,1.26,200
1778358928.8956332,logs,GET,6.9,200
1778358929.8465526,status,GET,1.25,200
1778358929.8983622,logs,GET,6.9,200
1778358930.8391726,status,GET,1.33,200
1778358930.8740382,logs,GET,6.31,200
1778358931.8442006,status,GET,1.4,200
1778358931.8839214,logs,GET,7.19,200
1778358932.8439732,status,GET,1.43,200
1778358932.872731,logs,GET,7.04,200
1778358933.8443308,status,GET,1.31,200
1778358933.8727896,logs,GET,7.16,200
1778358934.8444774,status,GET,1.13,200
1778358934.8848472,logs,GET,6.09,200
1778358935.8454478,status,GET,1.27,200
1778358935.881764,logs,GET,7.07,200
1778358936.8413746,status,GET,1.26,200
1778358936.8736525,logs,GET,5.9,200
1778358937.8429933,status,GET,1.26,200
1778358937.8736398,logs,GET,5.91,200
1778358938.8336213,status,GET,1.26,200
1778358938.8613818,logs,GET,7.05,200
1778358939.844625,status,GET,1.32,200
1778358939.8836913,logs,GET,7.0,200
1778358940.8435812,status,GET,1.47,200
1778358940.871659,logs,GET,6.96,200
1778358941.8366518,status,GET,1.27,200
1778358941.8686647,logs,GET,6.0,200
1778358942.8334975,status,GET,1.26,200
1778358942.8636854,logs,GET,7.16,200
1778358943.8427107,status,GET,1.27,200
1778358943.871752,logs,GET,7.12,200
1778358944.8337657,status,GET,1.27,200
1778358944.859519,logs,GET,7.13,200
1778358945.8384197,status,GET,1.28,200
1778358945.8724601,logs,GET,7.08,200
1778358947.0047662,status,GET,1.29,200
1778358947.0363255,logs,GET,7.14,200
1778358948.0079002,status,GET,1.44,200
1778358948.041382,logs,GET,7.12,200
1778358949.0099783,status,GET,1.25,200
1778358949.0404916,logs,GET,6.15,200
1778358950.0118253,status,GET,1.43,200
1778358950.0460224,logs,GET,6.03,200
1778358951.0158315,status,GET,1.44,200
1778358951.0466242,logs,GET,6.99,200
1778358952.006496,status,GET,1.27,200
1778358952.0375066,logs,GET,7.17,200
1778358953.0171773,status,GET,1.27,200
1778358953.0497644,logs,GET,7.11,200
1778358954.0133958,status,GET,1.3,200
1778358954.0512378,logs,GET,7.11,200
1778358955.0082476,status,GET,1.37,200
1778358955.037266,logs,GET,7.08,200
1778358956.019765,status,GET,1.45,200
1778358956.0673118,logs,GET,6.82,200
1778358957.0234644,status,GET,1.36,200
1778358957.0549436,logs,GET,6.1,200
1778358958.0091724,status,GET,1.26,200
1778358958.0391393,logs,GET,6.95,200
1778358959.0111172,status,GET,1.34,200
1778358959.041182,logs,GET,6.97,200
1778358960.0084257,status,GET,1.3,200
1778358960.039363,logs,GET,7.15,200
1778358961.0094032,status,GET,1.25,200
1778358961.042714,logs,GET,7.09,200
1778358962.0091746,status,GET,1.27,200
1778358962.0511568,logs,GET,7.19,200
1778358963.0258117,status,GET,1.27,200
1778358963.088791,logs,GET,7.0,200
1778358964.035937,status,GET,1.37,200
1778358964.0658152,logs,GET,7.15,200
1778358965.0104125,status,GET,1.27,200
1778358965.0564706,logs,GET,6.86,200
1778358966.093389,status,GET,1.27,200
1778358966.1233132,logs,GET,7.05,200
1778358967.0067697,status,GET,1.26,200
1778358967.0404286,logs,GET,7.17,200
1778358968.008699,status,GET,1.26,200
1778358968.0421984,logs,GET,7.05,200
1778358969.0101454,status,GET,1.27,200
1778358969.0408123,logs,GET,7.23,200
1778358970.0082948,status,GET,1.27,200
1778358970.0372252,logs,GET,7.13,200
1778358971.009411,status,GET,1.27,200
1778358971.041683,logs,GET,7.04,200
1778358972.012184,status,GET,1.34,200
1778358972.045479,logs,GET,7.15,200
1778358973.0084136,status,GET,1.27,200
1778358973.0413814,logs,GET,7.19,200
1778358974.0124032,status,GET,1.28,200
1778358974.0449455,logs,GET,7.1,200
1778358975.0080407,status,GET,1.37,200
1778358975.0396814,logs,GET,6.92,200
1778358976.0065217,status,GET,1.26,200
1778358976.0358026,logs,GET,6.93,200
1778358977.021341,status,GET,1.27,200
1778358977.0531607,logs,GET,7.08,200
1778358978.008367,status,GET,1.26,200
1778358978.0379615,logs,GET,6.89,200
1778358979.0088892,status,GET,1.28,200
1778358979.0394864,logs,GET,6.92,200
1778358980.0133717,status,GET,0.98,200
1778358980.043947,logs,GET,6.19,200
1778358981.007561,status,GET,1.04,200
1778358981.0361311,logs,GET,5.27,200
1778358982.0059576,status,GET,1.1,200
1778358982.0322905,logs,GET,6.2,200
1778358983.0205576,status,GET,0.98,200
1778358983.0504966,logs,GET,5.38,200
1778358984.006212,status,GET,0.98,200
1778358984.0351808,logs,GET,5.47,200
1778358985.0149379,status,GET,1.11,200
1778358985.0443177,logs,GET,6.25,200
1778358986.009778,status,GET,1.27,200
1778358986.0492961,logs,GET,5.41,200
1778358987.009098,status,GET,1.26,200
1778358987.0413299,logs,GET,5.23,200
1778358988.0194767,status,GET,1.33,200
1778358988.0496285,logs,GET,6.89,200
1778358989.0139382,status,GET,1.27,200
1778358989.0568402,logs,GET,7.14,200
1778358990.0182323,status,GET,1.27,200
1778358990.0517185,logs,GET,7.13,200
1778358991.0215838,status,GET,1.27,200
1778358991.067969,logs,GET,7.11,200
1778358992.0144765,status,GET,1.27,200
1778358992.0515106,logs,GET,6.93,200
1778358993.0201952,status,GET,1.43,200
1778358993.0627587,logs,GET,6.9,200
1778358994.0254722,status,GET,1.26,200
1778358994.0742085,logs,GET,6.27,200
1778358995.01541,status,GET,1.36,200
1778358995.050866,logs,GET,6.96,200
1778358996.0198574,status,GET,1.39,200
1778358996.0630982,logs,GET,7.07,200
1778358997.0128336,status,GET,1.29,200
1778358997.0508966,logs,GET,5.98,200
1778358998.021275,status,GET,1.25,200
1778358998.059235,logs,GET,6.05,200
1778358999.0239394,status,GET,1.38,200
1778358999.062835,logs,GET,6.88,200
1778359000.0952008,status,GET,1.36,200
1778359000.1330576,logs,GET,7.13,200
1778359001.0100486,status,GET,1.29,200
1778359001.0398417,logs,GET,7.21,200
1778359002.009692,status,GET,1.3,200
1778359002.0396292,logs,GET,7.09,200
1778359003.0106869,status,GET,1.26,200
1778359003.0399642,logs,GET,7.11,200
1778359004.012532,status,GET,1.28,200
1778359004.0433958,logs,GET,6.98,200
1778359005.0123763,status,GET,1.25,200
1778359005.046342,logs,GET,7.1,200
1778359006.0063317,status,GET,1.26,200
1778359006.035297,logs,GET,7.13,200
1778359060.11633,status,GET,1.29,200
1778359060.162753,logs,GET,6.92,200
1778359120.1442223,status,GET,1.44,200
1778359120.185457,logs,GET,7.34,200
1778359180.1298923,status,GET,1.26,200
1778359180.1658502,logs,GET,7.12,200
1778359240.1370614,status,GET,1.26,200
1778359240.1781075,logs,GET,7.03,200
1778359300.0435894,status,GET,1.47,200
1778359300.093958,logs,GET,6.89,200
1778359360.0483243,status,GET,1.44,200
1778359360.1007946,logs,GET,7.02,200
1778359369.163398,status,GET,1.4,200
1778359369.3008428,logs,GET,6.02,200
1778359369.8391445,status,GET,1.33,200
1778359369.8655992,logs,GET,6.9,200
1778359370.6469033,set_mode,POST,73.07,200
1778359370.6652358,status,GET,1.1,200
1778359370.6909478,logs,GET,6.14,200
1778359370.8429997,status,GET,1.18,200
1778359370.8718193,logs,GET,6.09,200
1778359371.8487089,status,GET,1.28,200
1778359371.877472,logs,GET,7.04,200
1778359372.057323,lighting_start,POST,116.66,200
1778359372.080034,logs,GET,5.08,200
1778359372.8438225,status,GET,1.04,200
1778359372.8949313,logs,GET,5.06,200
1778359372.9959931,lighting_stop,POST,45.9,200
1778359373.027186,logs,GET,5.1,200
1778359373.7749774,lighting_start,POST,120.78,200
1778359373.8043818,logs,GET,4.55,200
1778359373.8419044,status,GET,0.91,200
1778359373.8761678,logs,GET,4.96,200
1778359374.2160563,lighting_stop,POST,55.74,200
1778359374.2413356,logs,GET,4.56,200
1778359374.7657886,lighting_start,POST,119.65,200
1778359374.797291,logs,GET,10.24,200
1778359374.842925,status,GET,0.98,200
1778359374.864382,logs,GET,4.52,200
1778359375.1126735,lighting_stop,POST,50.15,200
1778359375.137435,logs,GET,5.59,200
1778359375.5284433,lighting_start,POST,120.45,200
1778359375.5530746,logs,GET,5.06,200
1778359375.8426113,lighting_stop,POST,50.38,200
1778359375.8436618,status,GET,4.18,200
1778359375.8700633,logs,GET,4.87,200
1778359375.8996198,logs,GET,5.07,200
1778359376.390741,lighting_start,POST,119.1,200
1778359376.422152,logs,GET,5.65,200
1778359376.844195,lighting_stop,POST,47.78,200
1778359376.8451655,status,GET,4.27,200
1778359376.8714504,logs,GET,5.0,200
1778359376.8929935,logs,GET,4.92,200
1778359377.8427174,status,GET,1.26,200
1778359377.8687592,logs,GET,6.5,200
1778359378.7958286,lighting_start,POST,117.43,200
1778359378.819922,logs,GET,4.85,200
1778359378.8446057,status,GET,0.99,200
1778359378.868715,logs,GET,4.88,200
1778359379.2776277,lighting_stop,POST,56.13,200
1778359379.3031662,logs,GET,5.58,200
1778359379.8103676,lighting_start,POST,117.36,200
1778359379.8293464,status,GET,0.91,200
1778359379.839765,logs,GET,8.93,200
1778359379.86416,logs,GET,4.08,200
1778359380.2515755,lighting_stop,POST,53.75,200
1778359380.2754338,logs,GET,5.35,200
1778359380.8442385,status,GET,2.73,200
1778359380.8729603,logs,GET,6.29,200
1778359381.1066294,lighting_start,POST,116.0,200
1778359381.183966,logs,GET,4.53,200
1778359381.507914,lighting_stop,POST,52.34,200
1778359381.5311325,logs,GET,4.66,200
1778359381.8461607,status,GET,1.28,200
1778359381.871837,logs,GET,5.39,200
1778359382.8416657,status,GET,1.26,200
1778359382.8682857,logs,GET,5.9,200
1778359383.8397295,status,GET,1.18,200
1778359383.8689613,logs,GET,6.33,200
1778359384.8404758,status,GET,1.12,200
1778359384.8680007,logs,GET,5.26,200
1778359385.8431456,status,GET,1.19,200
1778359385.8724694,logs,GET,5.36,200
1778359386.8444748,status,GET,1.29,200
1778359386.872228,logs,GET,5.98,200
1778359387.8491323,status,GET,1.13,200
1778359387.8787425,logs,GET,6.04,200
1778359388.855787,status,GET,1.32,200
1778359388.892855,logs,GET,6.08,200
1778359389.842999,status,GET,1.28,200
1778359389.8789308,logs,GET,6.33,200
1778359390.8394437,status,GET,1.29,200
1778359390.8663826,logs,GET,5.27,200
1778359391.8519485,status,GET,1.19,200
1778359391.8859406,logs,GET,5.26,200
1778359392.8505085,status,GET,1.12,200
1778359392.8872924,logs,GET,5.17,200
1778359393.932185,status,GET,1.14,200
1778359393.968746,logs,GET,5.11,200
1778359394.8396168,status,GET,1.19,200
1778359394.864523,logs,GET,5.41,200
1778359395.8504179,status,GET,0.99,200
1778359395.8899465,logs,GET,4.64,200
1778359396.850718,status,GET,0.98,200
1778359396.8843102,logs,GET,4.53,200
1778359397.855432,status,GET,1.05,200
1778359397.903383,logs,GET,4.72,200
1778359398.8486161,status,GET,1.28,200
1778359398.8745172,logs,GET,4.61,200
1778359399.8417614,status,GET,1.27,200
1778359399.8688564,logs,GET,6.25,200
1778359400.8519552,status,GET,1.41,200
1778359400.898469,logs,GET,6.14,200
1778359401.850153,status,GET,1.27,200
1778359401.8870704,logs,GET,6.04,200
1778359402.8449595,status,GET,1.28,200
1778359402.8737702,logs,GET,5.32,200
1778359403.8528986,status,GET,1.27,200
1778359403.8964756,logs,GET,6.04,200
1778359404.8390505,status,GET,1.34,200
1778359404.8652465,logs,GET,6.1,200
1778359405.8441515,status,GET,1.39,200
1778359405.874568,logs,GET,5.31,200
1778359406.8471613,status,GET,1.46,200
1778359406.8784869,logs,GET,5.91,200
1778359407.844797,status,GET,1.29,200
1778359407.869538,logs,GET,5.31,200
1778359408.858039,status,GET,1.28,200
1778359408.8866427,logs,GET,6.12,200
1778359409.843801,status,GET,1.43,200
1778359409.8814816,logs,GET,5.97,200
1778359410.8471186,status,GET,1.34,200
1778359410.8784316,logs,GET,6.04,200
1778359411.8524532,status,GET,1.28,200
1778359411.8874972,logs,GET,6.21,200
1778359412.8520846,status,GET,1.35,200
1778359412.8984194,logs,GET,5.93,200
1778359413.842318,status,GET,1.26,200
1778359413.878703,logs,GET,6.12,200
1778359414.8517606,status,GET,1.46,200
1778359414.8924904,logs,GET,6.47,200
1778359415.8406208,status,GET,1.28,200
1778359415.869928,logs,GET,5.15,200
1778359416.8472445,status,GET,1.44,200
1778359416.8746748,logs,GET,5.89,200
1778359417.837331,status,GET,1.28,200
1778359417.8652558,logs,GET,6.16,200
1778359418.8374186,status,GET,0.53,200
1778359418.8592324,logs,GET,2.24,200
1778359419.8450103,status,GET,0.53,200
1778359419.871317,logs,GET,2.25,200
1778359420.8491008,status,GET,0.53,200
1778359420.8723435,logs,GET,2.23,200
1778359421.8484213,status,GET,0.52,200
1778359421.8893664,logs,GET,2.13,200
1778359422.8438408,status,GET,0.53,200
1778359422.8683052,logs,GET,2.29,200
1778359423.8423884,status,GET,1.12,200
1778359423.8698235,logs,GET,5.26,200
1778359424.8478205,status,GET,1.45,200
1778359424.8866537,logs,GET,5.22,200
1778359425.8576353,status,GET,1.28,200
1778359425.8910275,logs,GET,5.38,200
1778359426.8444707,status,GET,1.29,200
1778359426.8951716,logs,GET,5.96,200
1778359427.8418722,status,GET,1.26,200
1778359427.8740082,logs,GET,6.03,200
1778359428.8487735,status,GET,1.3,200
1778359428.8878472,logs,GET,6.09,200
1778359429.8495882,status,GET,1.29,200
1778359429.8809586,logs,GET,5.97,200
1778359430.851848,status,GET,1.37,200
1778359430.8883703,logs,GET,6.11,200
1778359431.8504574,status,GET,1.27,200
1778359431.8856835,logs,GET,5.91,200
1778359432.8510232,status,GET,1.26,200
1778359432.8921795,logs,GET,6.19,200
1778359433.8517072,status,GET,2.96,200
1778359433.9006143,logs,GET,5.29,200
1778359434.846443,status,GET,1.1,200
1778359434.8846755,logs,GET,5.15,200
1778359435.8494296,status,GET,1.28,200
1778359435.8927655,logs,GET,5.17,200
1778359436.8545437,status,GET,1.27,200
1778359436.8959475,logs,GET,5.98,200
1778359437.8398993,status,GET,1.18,200
1778359437.8740335,logs,GET,5.16,200
1778359438.8506336,status,GET,1.27,200
1778359438.8821588,logs,GET,6.12,200
1778359439.855654,status,GET,1.48,200
1778359439.8954496,logs,GET,5.91,200
1778359440.844015,status,GET,1.35,200
1778359440.875094,logs,GET,6.17,200
1778359441.8451426,status,GET,1.06,200
1778359441.8747623,logs,GET,3.67,200
1778359442.8362818,status,GET,0.52,200
1778359442.8564255,logs,GET,2.33,200
1778359443.8555171,status,GET,1.0,200
1778359443.8845503,logs,GET,2.21,200
1778362676.600072,index,GET,26.03,200
1778362676.6497326,get_app_settings,GET,1.06,200
1778362676.6513226,lighting_patterns,GET,0.59,200
1778362676.6544433,status,GET,0.53,200
1778362676.8089929,lighting_status,GET,0.36,200
1778362676.8102515,logs,GET,0.36,200
1778362677.660374,status,GET,0.53,200
1778362677.677213,logs,GET,0.4,200
1778362678.6657495,status,GET,0.84,200
1778362678.684054,logs,GET,0.4,200
1778362679.6658866,status,GET,0.53,200
1778362679.685756,logs,GET,0.4,200
1778362680.6632636,status,GET,0.58,200
1778362680.6812222,logs,GET,0.4,200
1778362681.6659732,status,GET,1.11,200
1778362681.6967602,logs,GET,0.84,200
1778362682.6648638,status,GET,1.27,200
1778362682.6880229,logs,GET,1.13,200
1778362683.6807714,status,GET,1.29,200
1778362683.7146034,logs,GET,0.95,200
1778362684.6666124,status,GET,1.26,200
1778362684.6896217,logs,GET,0.96,200
1778362685.6729758,status,GET,1.31,200
1778362685.700738,logs,GET,0.96,200
1778362686.668526,status,GET,1.32,200
1778362686.6937976,logs,GET,0.94,200
1778362687.671774,status,GET,1.59,200
1778362687.7016149,logs,GET,0.95,200
1778362688.6625946,status,GET,1.28,200
1778362688.6978295,logs,GET,0.95,200
1778362689.6679235,status,GET,1.45,200
1778362689.687026,logs,GET,0.94,200
1778362690.666329,status,GET,1.26,200
1778362690.6851425,logs,GET,0.95,200
1778362691.6712928,status,GET,1.34,200
1778362691.7012012,logs,GET,0.96,200
1778362692.672978,status,GET,1.28,200
1778362692.6974037,logs,GET,0.95,200
1778362693.6713917,status,GET,1.41,200
1778362693.6940303,logs,GET,0.95,200
1778362694.670875,status,GET,2.35,200
1778362694.7014174,logs,GET,0.94,200
1778362695.6688766,status,GET,1.28,200
1778362695.6917493,logs,GET,1.1,200
1778362696.6714525,status,GET,1.36,200
1778362696.701166,logs,GET,0.94,200
1778362697.6703472,status,GET,1.29,200
1778362697.700769,logs,GET,0.84,200
1778362698.6651425,status,GET,1.31,200
1778362698.689048,logs,GET,0.95,200
1778362699.6685624,status,GET,1.31,200
1778362699.6966012,logs,GET,1.09,200
1778362700.6661706,status,GET,1.3,200
1778362700.689152,logs,GET,0.96,200
1778362701.6706445,status,GET,1.29,200
1778362701.6931098,logs,GET,0.94,200
1778362702.6633399,status,GET,1.43,200
1778362702.6836088,logs,GET,1.11,200
1778362703.6711984,status,GET,1.45,200
1778362703.7011795,logs,GET,0.94,200
1778362704.6669884,status,GET,1.29,200
1778362704.6872454,logs,GET,1.07,200
1778362705.668102,status,GET,2.48,200
1778362705.6933773,logs,GET,0.82,200
1778362706.6722167,status,GET,1.37,200
1778362706.6992123,logs,GET,0.95,200
1778362707.6760948,status,GET,1.36,200
1778362707.709377,logs,GET,0.94,200
1778362708.663886,status,GET,1.35,200
1778362708.6854155,logs,GET,0.95,200
1778362709.6617522,status,GET,1.28,200
1778362709.699261,logs,GET,1.02,200
1778362710.6651857,status,GET,1.31,200
1778362710.6869187,logs,GET,0.82,200
1778362711.4887142,submit_pacers,POST,14.76,200
1778362711.5217621,logs,GET,1.35,200
1778362711.670455,status,GET,1.13,200
1778362711.6933165,logs,GET,1.17,200
1778362712.6727161,status,GET,1.31,200
1778362712.691749,logs,GET,1.5,200
1778362713.6873584,status,GET,1.38,200
1778362713.719552,logs,GET,1.51,200
1778362714.6760514,status,GET,1.48,200
1778362714.7230542,logs,GET,1.38,200
1778362715.6689098,status,GET,1.31,200
1778362715.695681,logs,GET,1.52,200
1778362716.674746,status,GET,1.3,200
1778362716.7009993,logs,GET,1.36,200
1778362717.132448,pacer_start_all,POST,76.83,200
1778362717.6593153,status,GET,1.26,200
1778362717.6841834,logs,GET,2.17,200
1778362718.6715136,status,GET,1.44,200
1778362718.7004018,logs,GET,3.16,200
1778362719.6684937,status,GET,1.2,200
1778362719.7030346,logs,GET,2.48,200
1778362720.6629395,status,GET,1.18,200
1778362720.6854734,logs,GET,2.67,200
1778362721.6782007,status,GET,1.18,200
1778362721.7036622,logs,GET,2.72,200
1778362722.667145,status,GET,1.26,200
1778362722.6897383,logs,GET,2.85,200
1778362723.667794,status,GET,1.43,200
1778362723.7003381,logs,GET,3.6,200
1778362724.6712596,status,GET,3.31,200
1778362724.69552,logs,GET,3.09,200
1778362725.6728208,status,GET,1.2,200
1778362725.6978078,logs,GET,3.34,200
1778362726.6701944,status,GET,1.18,200
1778362726.7008069,logs,GET,3.54,200
1778362727.6702888,status,GET,1.18,200
1778362727.6961513,logs,GET,3.65,200
1778362728.679646,status,GET,1.22,200
1778362728.7086005,logs,GET,3.35,200
1778362729.682043,status,GET,1.19,200
1778362729.7117577,logs,GET,4.93,200
1778362730.6747923,status,GET,1.18,200
1778362730.7023368,logs,GET,3.91,200
1778362731.6612659,status,GET,1.07,200
1778362731.6890316,logs,GET,4.3,200
1778362732.66639,status,GET,1.2,200
1778362732.7172148,logs,GET,4.19,200
1778362733.6769855,status,GET,1.19,200
1778362733.705086,logs,GET,4.34,200
1778362734.6746793,status,GET,1.26,200
1778362734.7098072,logs,GET,4.47,200
1778362735.6723592,status,GET,2.02,200
1778362735.7055957,logs,GET,4.08,200
1778362736.6765616,status,GET,1.06,200
1778362736.7105553,logs,GET,4.26,200
1778362737.6619017,status,GET,1.19,200
1778362737.6920795,logs,GET,3.99,200
1778362738.676638,status,GET,0.97,200
1778362738.708558,logs,GET,4.03,200
1778362739.6668706,status,GET,1.16,200
1778362739.7032852,logs,GET,4.66,200
1778362740.6649063,status,GET,1.18,200
1778362740.6920853,logs,GET,5.32,200
1778362741.6780753,status,GET,15.99,200
1778362741.7095714,logs,GET,6.12,200
1778362742.6747422,status,GET,1.17,200
1778362742.7148688,logs,GET,6.27,200
1778362743.676616,status,GET,1.19,200
1778362743.715811,logs,GET,6.41,200
1778362744.6761553,status,GET,1.16,200
1778362744.720492,logs,GET,6.33,200
1778362745.6766934,status,GET,1.17,200
1778362745.714461,logs,GET,6.5,200
1778362746.6787097,status,GET,2.12,200
1778362746.7175784,logs,GET,6.46,200
1778362747.6823387,status,GET,1.18,200
1778362747.715329,logs,GET,6.43,200
1778362748.6671853,status,GET,1.31,200
1778362748.6992147,logs,GET,6.35,200
1778362749.6712942,status,GET,1.32,200
1778362749.7093728,logs,GET,6.48,200
1778362750.669675,status,GET,1.17,200
1778362750.7059538,logs,GET,6.38,200
1778362751.6742065,status,GET,1.17,200
1778362751.7094026,logs,GET,7.57,200
1778362752.6696076,status,GET,1.16,200
1778362752.6983042,logs,GET,6.55,200
1778362753.6752887,status,GET,1.25,200
1778362753.7033021,logs,GET,6.65,200
1778362754.6687942,status,GET,1.37,200
1778362754.7001832,logs,GET,7.79,200
1778362755.6670036,status,GET,1.11,200
1778362755.6966884,logs,GET,5.69,200
1778362756.6826687,status,GET,1.15,200
1778362756.7285342,logs,GET,6.74,200
1778362757.6694489,status,GET,2.14,200
1778362757.6992645,logs,GET,6.64,200
1778362758.6658256,status,GET,1.17,200
1778362758.6939647,logs,GET,6.49,200
1778362759.6689415,status,GET,1.18,200
1778362759.703421,logs,GET,6.66,200
1778362760.6765437,status,GET,1.21,200
1778362760.7093678,logs,GET,6.65,200
1778362761.6714423,status,GET,1.23,200
1778362761.697879,logs,GET,6.62,200
1778362762.6681442,status,GET,1.18,200
1778362762.7000766,logs,GET,7.48,200
1778362763.6743772,status,GET,1.17,200
1778362763.7133372,logs,GET,6.49,200
1778362764.6722016,status,GET,1.21,200
1778362764.712617,logs,GET,6.68,200
1778362765.6729403,status,GET,1.05,200
1778362765.7004619,logs,GET,5.71,200
1778362766.6791377,status,GET,1.31,200
1778362766.7252035,logs,GET,5.73,200
1778362767.6772416,status,GET,1.17,200
1778362767.7140284,logs,GET,6.41,200
1778362768.6750133,status,GET,2.2,200
1778362768.7091696,logs,GET,9.98,200
1778362769.6645913,status,GET,1.17,200
1778362769.6989918,logs,GET,6.65,200
1778362770.6644244,status,GET,1.2,200
1778362770.6966531,logs,GET,5.83,200
1778362771.668825,status,GET,1.18,200
1778362771.7156188,logs,GET,6.52,200
1778362772.6774,status,GET,1.17,200
1778362772.707084,logs,GET,6.64,200
1778362773.6789668,status,GET,1.17,200
1778362773.7267785,logs,GET,10.7,200
1778362774.6847801,status,GET,1.18,200
1778362774.730648,logs,GET,6.56,200
1778362775.673228,status,GET,1.18,200
1778362775.7051163,logs,GET,10.07,200
1778362776.6702154,status,GET,1.15,200
1778362776.6968894,logs,GET,6.45,200
1778362777.6696637,status,GET,1.17,200
1778362777.7107556,logs,GET,6.54,200
1778362778.6701784,status,GET,1.18,200
1778362778.7112134,logs,GET,6.48,200
1778362779.670465,status,GET,2.15,200
1778362779.7123954,logs,GET,6.59,200
1778362780.6662674,status,GET,1.15,200
1778362780.6934779,logs,GET,6.67,200
1778362781.680059,status,GET,13.7,200
1778362781.709884,logs,GET,6.53,200
1778362782.669572,status,GET,1.33,200
1778362782.7116454,logs,GET,7.61,200
1778362783.6692977,status,GET,1.13,200
1778362783.7075334,logs,GET,6.59,200
1778362784.6637561,status,GET,1.24,200
1778362784.7009041,logs,GET,6.94,200
1778362785.6726587,status,GET,1.14,200
1778362785.7139184,logs,GET,6.34,200
1778362786.6831532,status,GET,1.22,200
1778362786.7347412,logs,GET,6.31,200
1778362787.6761158,status,GET,1.15,200
1778362787.7059548,logs,GET,6.36,200
1778362788.6622362,status,GET,1.13,200
1778362788.6965494,logs,GET,9.73,200
1778362789.676369,status,GET,1.13,200
1778362789.7116613,logs,GET,6.62,200
1778362790.6717017,status,GET,3.03,200
1778362790.7019725,logs,GET,6.54,200
1778362791.673489,status,GET,1.0,200
1778362791.7122202,logs,GET,6.43,200
1778362792.680806,status,GET,1.01,200
1778362792.729385,logs,GET,6.34,200
1778362793.6822858,status,GET,1.0,200
1778362793.7130082,logs,GET,5.69,200
1778362794.6950793,status,GET,1.13,200
1778362794.7222068,logs,GET,5.66,200
1778362795.6733367,status,GET,1.13,200
1778362795.7009017,logs,GET,6.57,200
1778362796.6789453,status,GET,1.13,200
1778362796.7082028,logs,GET,6.58,200
1778362797.6622424,status,GET,1.13,200
1778362797.6984766,logs,GET,9.63,200
1778362798.6772904,status,GET,1.3,200
1778362798.7112248,logs,GET,5.64,200
1778362799.6736479,status,GET,1.13,200
1778362799.705627,logs,GET,6.74,200
1778362800.6683526,status,GET,0.54,200
1778362800.7001271,logs,GET,2.75,200
1778362801.6702173,status,GET,0.54,200
1778362801.6984174,logs,GET,2.63,200
1778362802.6725276,status,GET,0.53,200
1778362802.7032979,logs,GET,2.75,200
1778362803.6678593,status,GET,0.55,200
1778362803.691933,logs,GET,2.69,200
1778362804.713783,status,GET,0.54,200
1778362804.743904,logs,GET,2.68,200
1778362805.678005,status,GET,1.13,200
1778362805.713805,logs,GET,6.37,200
1778362806.685749,status,GET,1.13,200
1778362806.7267458,logs,GET,6.48,200
1778362807.6790504,status,GET,1.31,200
1778362807.7279766,logs,GET,5.65,200
1778362808.6676824,status,GET,1.26,200
1778362808.7061942,logs,GET,5.63,200
1778362809.6696398,status,GET,1.29,200
1778362809.7035706,logs,GET,7.59,200
1778362810.667035,status,GET,1.25,200
1778362810.697876,logs,GET,6.37,200
1778362811.6777725,status,GET,1.14,200
1778362811.7205932,logs,GET,6.49,200
1778362812.6851313,status,GET,1.13,200
1778362812.7293668,logs,GET,6.56,200
1778362813.6731772,status,GET,1.02,200
1778362813.7061355,logs,GET,6.51,200
1778362814.6780298,status,GET,1.18,200
1778362814.713709,logs,GET,6.37,200
1778362815.692425,status,GET,1.13,200
1778362815.7194033,logs,GET,6.39,200
1778362816.6721842,status,GET,1.13,200
1778362816.7315266,logs,GET,6.6,200
1778362817.6801834,status,GET,1.4,200
1778362817.7107198,logs,GET,5.73,200
1778362818.7041645,status,GET,1.13,200
1778362818.7460895,logs,GET,6.47,200
1778362819.7310274,status,GET,1.2,200
1778362819.801485,logs,GET,6.37,200
1778362820.6853423,status,GET,1.31,200
1778362820.7689757,logs,GET,8.41,200
1778362821.6843905,status,GET,1.18,200
1778362821.771866,logs,GET,6.45,200
1778362822.6789463,status,GET,1.15,200
1778362822.7218697,logs,GET,6.32,200
1778362823.6873438,status,GET,1.19,200
1778362823.7239532,logs,GET,6.52,200
1778362824.6840825,status,GET,1.27,200
1778362824.7160788,logs,GET,6.5,200
1778362825.6738503,status,GET,1.13,200
1778362825.7257266,logs,GET,6.3,200
1778362826.668052,status,GET,1.2,200
1778362826.7034059,logs,GET,6.42,200
1778362827.6731446,status,GET,1.14,200
1778362827.7136533,logs,GET,5.68,200
1778362828.669415,status,GET,1.13,200
1778362828.706976,logs,GET,6.47,200
1778362829.679913,status,GET,1.25,200
1778362829.7197978,logs,GET,5.64,200
1778362830.6780095,status,GET,1.14,200
1778362830.712883,logs,GET,9.74,200
1778362831.6712518,status,GET,1.25,200
1778362831.7000604,logs,GET,6.54,200
1778362832.6664736,status,GET,1.14,200
1778362832.6975145,logs,GET,6.49,200
1778362833.6737587,status,GET,1.13,200
1778362833.703816,logs,GET,6.63,200
1778362834.6654594,status,GET,1.13,200
1778362834.703525,logs,GET,6.59,200
1778362835.6684446,status,GET,1.29,200
1778362835.6979332,logs,GET,6.17,200
1778362836.6694613,status,GET,0.54,200
1778362836.7020905,logs,GET,2.64,200
1778362837.6684992,status,GET,0.54,200
1778362837.6994426,logs,GET,2.69,200
1778362838.6679783,status,GET,0.54,200
1778362838.7016814,logs,GET,2.66,200
1778362839.6841981,status,GET,0.58,200
1778362839.7180502,logs,GET,2.73,200
1778362840.6675868,status,GET,0.56,200
1778362840.688693,logs,GET,2.73,200
1778362841.7195399,status,GET,1.1,200
1778362841.791399,logs,GET,6.44,200
1778362842.6717455,status,GET,1.11,200
1778362842.7436545,logs,GET,5.65,200
1778362843.7051852,status,GET,1.11,200
1778362843.7689466,logs,GET,5.84,200
1778362844.6638243,status,GET,1.31,200
1778362844.7190633,logs,GET,5.83,200
1778362845.6716585,status,GET,1.21,200
1778362845.6976511,logs,GET,5.25,200
1778362846.6794033,status,GET,1.08,200
1778362846.7144063,logs,GET,8.55,200
1778362847.6763647,status,GET,1.05,200
1778362847.7175078,logs,GET,6.02,200
1778362848.6722383,status,GET,1.07,200
1778362848.7290137,logs,GET,8.98,200
1778362849.6751895,status,GET,1.22,200
1778362849.7239778,logs,GET,9.25,200
1778362850.6782193,status,GET,1.14,200
1778362850.7274704,logs,GET,6.14,200
1778362851.674789,status,GET,1.02,200
1778362851.7009683,logs,GET,5.68,200
1778362852.6760194,status,GET,1.25,200
1778362852.712626,logs,GET,11.28,200
1778362853.6760676,status,GET,1.09,200
1778362853.72634,logs,GET,5.62,200
1778362854.674225,status,GET,1.03,200
1778362854.7116082,logs,GET,12.12,200
1778362855.6730537,status,GET,1.05,200
1778362855.7007234,logs,GET,5.93,200
1778362856.6753864,status,GET,2.15,200
1778362856.7087257,logs,GET,5.17,200
1778362857.6712608,status,GET,1.22,200
1778362857.7170558,logs,GET,5.99,200
1778362858.6846,status,GET,0.93,200
1778362858.7319803,logs,GET,5.15,200
1778362859.6812294,status,GET,0.93,200
1778362859.736689,logs,GET,5.19,200
1778362860.6855383,status,GET,1.0,200
1778362860.7487922,logs,GET,22.0,200
1778362861.6706154,status,GET,1.14,200
1778362861.7057264,logs,GET,5.93,200
1778362862.6729696,status,GET,1.31,200
1778362862.7002037,logs,GET,5.83,200
1778362863.6678233,status,GET,1.21,200
1778362863.7157948,logs,GET,16.22,200
1778362863.7417095,pacer_stop_all,POST,55.04,200
1778362864.6732092,status,GET,1.16,200
1778362864.6996813,logs,GET,6.35,200
1778362865.6695108,status,GET,1.15,200
1778362865.6964223,logs,GET,6.39,200
1778362866.6795979,status,GET,2.24,200
1778362866.711713,logs,GET,6.73,200
1778362867.6647894,status,GET,0.61,200
1778362867.7047067,logs,GET,2.78,200
1778362868.6657445,status,GET,0.54,200
1778362868.7383428,logs,GET,2.56,200
1778362869.6717103,status,GET,0.55,200
1778362869.6947873,logs,GET,2.57,200
1778362870.662963,status,GET,0.57,200
1778362870.68706,logs,GET,2.6,200
1778362871.6650825,status,GET,0.54,200
1778362871.690312,logs,GET,2.57,200
1778362872.6810658,status,GET,1.14,200
1778362872.7257469,logs,GET,6.42,200
1778362873.6691296,status,GET,1.16,200
1778362873.6997993,logs,GET,5.74,200
1778362874.6760707,status,GET,1.05,200
1778362874.7067592,logs,GET,6.26,200
1778362875.6846879,status,GET,1.35,200
1778362875.7242348,logs,GET,7.24,200
1778362876.6878395,status,GET,1.33,200
1778362876.7266445,logs,GET,6.65,200
1778362877.676997,status,GET,1.07,200
1778362877.7369723,logs,GET,5.62,200
1778362878.6839695,status,GET,1.43,200
1778362878.7207742,logs,GET,6.27,200
1778362879.6701407,status,GET,1.02,200
1778362879.720125,logs,GET,5.61,200
1778362880.6760163,status,GET,1.24,200
1778362880.7184787,logs,GET,5.78,200
1778362881.6838195,status,GET,1.22,200
1778362881.7294729,logs,GET,6.38,200
1778362882.6763709,status,GET,1.18,200
1778362882.7149527,logs,GET,5.64,200
1778362883.6778796,status,GET,1.04,200
1778362883.7189991,logs,GET,6.6,200
1778362884.6833973,status,GET,1.13,200
1778362884.725538,logs,GET,6.01,200
1778362885.6848285,status,GET,1.17,200
1778362885.7311652,logs,GET,6.28,200
1778362886.6761813,status,GET,1.05,200
1778362886.725066,logs,GET,6.08,200
1778362887.681477,status,GET,1.16,200
1778362887.7269948,logs,GET,6.41,200
1778362888.6779535,status,GET,1.02,200
1778362888.7052422,logs,GET,6.42,200
1778362889.659627,status,GET,1.09,200
1778362889.6916697,logs,GET,5.91,200
1778362890.6686594,status,GET,1.16,200
1778362890.6929781,logs,GET,5.52,200
1778362891.144668,set_mode,POST,70.93,200
1778362891.165727,status,GET,1.01,200
1778362891.1912756,logs,GET,4.97,200
1778362891.672821,status,GET,1.23,200
1778362891.6991432,logs,GET,5.47,200
1778362892.6668875,status,GET,2.13,200
1778362892.696866,logs,GET,5.44,200
1778362893.6783657,status,GET,1.15,200
1778362893.7131596,logs,GET,6.14,200
1778362894.669497,status,GET,0.55,200
1778362894.690647,logs,GET,2.46,200
1778362895.6678114,status,GET,0.54,200
1778362895.6887906,logs,GET,2.53,200
1778362896.6991076,status,GET,0.63,200
1778362896.7222428,logs,GET,2.44,200
1778362897.658147,status,GET,0.53,200
1778362897.6864705,logs,GET,2.41,200
1778363051.5519533,index,GET,60.16,200
1778363051.62846,status,GET,0.84,200
1778363051.6342978,get_app_settings,GET,1.48,200
1778363051.6372154,lighting_patterns,GET,0.88,200
1778363051.7205718,logs,GET,0.74,200
1778363052.0034645,lighting_status,GET,0.94,200
1778363053.06519,status,GET,1.29,200
1778363053.094338,logs,GET,0.94,200
1778363054.063607,status,GET,2.1,200
1778363054.090459,logs,GET,0.92,200
1778363055.05788,status,GET,1.29,200
1778363055.081036,logs,GET,0.96,200
1778363056.0575643,status,GET,1.27,200
1778363056.0807204,logs,GET,0.95,200
1778363057.061265,status,GET,1.28,200
1778363057.0928292,logs,GET,0.95,200
1778363058.065969,status,GET,1.27,200
1778363058.0922697,logs,GET,0.95,200
1778363059.0594459,status,GET,1.46,200
1778363059.0889554,logs,GET,2.11,200
1778363060.064216,status,GET,1.47,200
1778363060.0925307,logs,GET,0.83,200
1778363061.0606594,status,GET,1.3,200
1778363061.0887682,logs,GET,0.95,200
1778363062.0698853,status,GET,1.27,200
1778363062.0950136,logs,GET,0.95,200
1778363063.0708663,status,GET,1.27,200
1778363063.10356,logs,GET,1.02,200
1778363064.0663154,status,GET,1.27,200
1778363064.0977178,logs,GET,0.93,200
1778363065.0716643,status,GET,2.51,200
1778363065.09465,logs,GET,0.92,200
1778363066.0742953,status,GET,1.27,200
1778363066.09822,logs,GET,0.94,200
1778363067.0713122,status,GET,1.44,200
1778363067.099491,logs,GET,1.09,200
1778363068.0580661,status,GET,1.28,200
1778363068.0821052,logs,GET,0.81,200
1778363069.0714407,status,GET,1.36,200
1778363069.094354,logs,GET,0.82,200
1778363070.0566986,status,GET,1.28,200
1778363070.0791042,logs,GET,1.0,200
1778363071.0606477,status,GET,1.32,200
1778363071.08795,logs,GET,1.13,200
1778363072.0675545,status,GET,1.41,200
1778363072.0916483,logs,GET,1.06,200
1778363073.0606098,status,GET,1.3,200
1778363073.0889428,logs,GET,0.94,200
1778363074.0598881,status,GET,1.36,200
1778363074.084948,logs,GET,0.94,200
1778363075.0584464,status,GET,1.28,200
1778363075.0829065,logs,GET,0.94,200
1778363076.064721,status,GET,2.59,200
1778363076.0885346,logs,GET,0.97,200
1778363093.7732625,status,GET,0.6,200
1778363093.796081,status,GET,0.55,200
1778363093.8051057,logs,GET,0.6,200
1778363093.8156521,status,GET,0.53,200
1778363093.8222997,logs,GET,0.38,200
1778363093.8398948,logs,GET,0.41,200
1778363094.05721,status,GET,0.54,200
1778363094.087767,logs,GET,0.41,200
1778363095.0566068,status,GET,0.54,200
1778363095.0808005,logs,GET,0.4,200
1778363096.0586061,status,GET,1.26,200
1778363096.0820017,logs,GET,0.95,200
1778363096.6490922,status,GET,1.28,200
1778363096.6727965,logs,GET,0.94,200
1778363097.6384206,status,GET,1.26,200
1778363097.660861,logs,GET,0.93,200
1778363098.3000062,index,GET,68.98,200
1778363098.3666956,get_app_settings,GET,1.71,200
1778363098.3701608,lighting_patterns,GET,0.86,200
1778363098.3751225,status,GET,0.94,200
1778363098.4293804,logs,GET,0.8,200
1778363098.4336557,lighting_status,GET,0.71,200
1778363099.373527,status,GET,1.28,200
1778363099.3955348,logs,GET,1.14,200
1778363099.8926973,set_mode,POST,17.27,200
1778363099.9203196,status,GET,1.14,200
1778363099.9425008,logs,GET,1.13,200
1778363100.376423,status,GET,1.29,200
1778363100.3977857,logs,GET,1.29,200
1778363101.3840835,status,GET,1.46,200
1778363101.406065,logs,GET,2.39,200
1778363102.3989818,status,GET,1.27,200
1778363102.424543,logs,GET,1.33,200
1778363103.3902364,status,GET,1.29,200
1778363103.4151027,logs,GET,1.39,200
1778363104.3740926,status,GET,1.26,200
1778363104.3967118,logs,GET,1.32,200
1778363104.745989,set_mode,POST,3.88,200
1778363104.7732599,status,GET,1.29,200
1778363104.7925086,logs,GET,1.45,200
1778363105.3739157,status,GET,1.27,200
1778363105.395756,logs,GET,1.38,200
1778363106.3707523,status,GET,1.27,200
1778363106.3921661,logs,GET,1.62,200
1778363107.370886,status,GET,1.28,200
1778363107.39211,logs,GET,1.47,200
1778363108.389683,status,GET,1.28,200
1778363108.4151757,logs,GET,1.53,200
1778363109.3744931,status,GET,1.27,200
1778363109.3980145,logs,GET,1.39,200
1778363110.3729014,status,GET,1.28,200
1778363110.398662,logs,GET,1.4,200
1778363111.3750453,status,GET,2.41,200
1778363111.3981836,logs,GET,1.4,200
1778363112.3707356,status,GET,1.26,200
1778363112.392068,logs,GET,1.57,200
1778363113.3724833,status,GET,1.28,200
1778363113.394081,logs,GET,1.4,200
1778363114.3705425,status,GET,1.27,200
1778363114.3918939,logs,GET,1.46,200
1778363115.375538,status,GET,1.43,200
1778363115.40079,logs,GET,1.25,200
1778363116.384901,status,GET,1.29,200
1778363116.4075472,logs,GET,1.48,200
1778363117.3847895,status,GET,1.3,200
1778363117.4078848,logs,GET,1.58,200
1778363118.3747778,status,GET,1.26,200
1778363118.397824,logs,GET,1.41,200
1778363119.3733118,status,GET,1.28,200
1778363119.3973098,logs,GET,1.4,200
1778363120.3729377,status,GET,1.29,200
1778363120.3964994,logs,GET,1.47,200
1778363121.372617,status,GET,1.29,200
1778363121.39372,logs,GET,1.42,200
1778363122.3743734,status,GET,2.37,200
1778363122.3961563,logs,GET,1.59,200
1778363123.3739245,status,GET,1.28,200
1778363123.3980122,logs,GET,1.4,200
1778363124.3825607,status,GET,1.26,200
1778363124.4059803,logs,GET,1.41,200
1778363125.387086,status,GET,1.36,200
1778363125.4120576,logs,GET,1.55,200
1778363126.3830423,status,GET,1.18,200
1778363126.4032507,logs,GET,1.35,200
1778363127.3845081,status,GET,1.12,200
1778363127.4075847,logs,GET,1.28,200
1778363128.3876703,status,GET,1.19,200
1778363128.4113333,logs,GET,1.39,200
1778363129.3805265,status,GET,1.12,200
1778363129.4037821,logs,GET,1.38,200
1778363130.3725643,status,GET,1.29,200
1778363130.397006,logs,GET,1.42,200
1778363131.3908777,status,GET,1.28,200
1778363131.4168508,logs,GET,1.44,200
1778363132.390405,status,GET,1.26,200
1778363132.4224336,logs,GET,1.41,200
1778363133.396308,status,GET,2.48,200
1778363133.4245484,logs,GET,1.25,200
1778363134.390151,status,GET,1.27,200
1778363134.4119747,logs,GET,1.55,200
1778363135.3940773,status,GET,1.27,200
1778363135.418501,logs,GET,1.4,200
1778363136.388931,status,GET,1.26,200
1778363136.415854,logs,GET,1.5,200
1778363137.3892746,status,GET,1.28,200
1778363137.4200556,logs,GET,1.37,200
1778363138.3782694,status,GET,1.27,200
1778363138.4047596,logs,GET,1.44,200
1778363139.3729165,status,GET,1.26,200
1778363139.3939362,logs,GET,1.39,200
1778363140.3822873,status,GET,1.25,200
1778363140.4041605,logs,GET,1.61,200
1778363141.3805926,status,GET,1.29,200
1778363141.4017813,logs,GET,1.41,200
1778363142.3707244,status,GET,1.27,200
1778363142.3964434,logs,GET,1.6,200
1778363143.3882966,status,GET,1.29,200
1778363143.4125233,logs,GET,1.43,200
1778363144.3779054,status,GET,1.29,200
1778363144.4023838,logs,GET,1.39,200
1778363145.380825,status,GET,1.28,200
1778363145.4050524,logs,GET,1.42,200
1778363146.3862262,status,GET,1.29,200
1778363146.4098716,logs,GET,1.41,200
1778363147.3791893,status,GET,1.43,200
1778363147.402245,logs,GET,1.43,200
1778363148.3929954,status,GET,1.28,200
1778363148.423822,logs,GET,1.47,200
1778363149.3862486,status,GET,1.26,200
1778363149.4078264,logs,GET,1.46,200
1778363150.3726737,status,GET,1.32,200
1778363150.392752,logs,GET,1.44,200
1778363151.3771613,status,GET,1.28,200
1778363151.399967,logs,GET,1.54,200
1778363152.3736641,status,GET,1.28,200
1778363152.4003513,logs,GET,1.55,200
1778363153.377026,status,GET,1.27,200
1778363153.3976963,logs,GET,1.22,200
1778363154.3724456,status,GET,1.28,200
1778363154.3925207,logs,GET,1.49,200
1778363155.3798623,status,GET,1.39,200
1778363155.4098105,logs,GET,1.4,200
1778363156.3891938,status,GET,1.28,200
1778363156.4121609,logs,GET,1.54,200
1778363157.373531,status,GET,1.27,200
1778363157.40031,logs,GET,1.56,200
1778363158.3713205,status,GET,1.37,200
1778363158.3940454,logs,GET,1.23,200
1778363159.3712873,status,GET,1.38,200
1778363159.3922238,logs,GET,1.55,200
1778363160.37142,status,GET,1.35,200
1778363160.3944578,logs,GET,1.4,200
1778363161.3754425,status,GET,1.36,200
1778363161.3970747,logs,GET,1.41,200
1778363162.3775787,status,GET,1.28,200
1778363162.400405,logs,GET,1.58,200
1778363163.3719106,status,GET,1.3,200
1778363163.3944778,logs,GET,1.21,200
1778363164.3728874,status,GET,1.29,200
1778363164.3971798,logs,GET,1.44,200
1778363165.389469,status,GET,1.27,200
1778363165.4121757,logs,GET,1.62,200
1778363166.3715737,status,GET,1.35,200
1778363166.40024,logs,GET,1.55,200
1778363167.3743272,status,GET,1.27,200
1778363167.3945405,logs,GET,1.39,200
1778363168.3766994,status,GET,1.26,200
1778363168.3986373,logs,GET,1.4,200
1778363169.3747504,status,GET,1.27,200
1778363169.3976989,logs,GET,1.41,200
1778363170.3791573,status,GET,1.34,200
1778363170.4004836,logs,GET,1.45,200
1778363171.373997,status,GET,1.26,200
1778363171.3965008,logs,GET,1.41,200
1778363172.372649,status,GET,1.27,200
1778363172.396452,logs,GET,1.57,200
1778363173.3725235,status,GET,1.31,200
1778363173.394752,logs,GET,1.4,200
1778363174.3764334,status,GET,1.32,200
1778363174.4012725,logs,GET,1.4,200
1778363175.374182,status,GET,1.29,200
1778363175.3958805,logs,GET,1.35,200
1778363176.3710818,status,GET,1.32,200
1778363176.3949478,logs,GET,1.4,200
1778363177.3722868,status,GET,1.15,200
1778363177.393888,logs,GET,1.21,200
1778363178.3712225,status,GET,1.42,200
1778363178.3926442,logs,GET,1.45,200
1778363179.3732622,status,GET,1.28,200
1778363179.3942418,logs,GET,1.39,200
1778363180.370692,status,GET,0.99,200
1778363180.3917568,logs,GET,1.2,200
1778363181.3879547,status,GET,1.13,200
1778363181.408848,logs,GET,1.09,200
1778363182.3794003,status,GET,1.35,200
1778363182.4010792,logs,GET,1.41,200
1778363183.3910694,status,GET,1.27,200
1778363183.4149125,logs,GET,1.39,200
1778363184.370751,status,GET,1.28,200
1778363184.3930333,logs,GET,1.43,200
1778363185.3708794,status,GET,1.12,200
1778363185.3927033,logs,GET,1.24,200
1778363186.3847737,status,GET,1.13,200
1778363186.4054766,logs,GET,1.22,200
1778363187.3725693,status,GET,1.13,200
1778363187.3964922,logs,GET,1.24,200
1778363188.3714416,status,GET,1.29,200
1778363188.3930266,logs,GET,1.22,200
1778363189.3874972,status,GET,1.18,200
1778363189.4076743,logs,GET,1.28,200
1778363190.3866282,status,GET,1.25,200
1778363190.4101353,logs,GET,1.4,200
1778363191.3736742,status,GET,1.27,200
1778363191.3968577,logs,GET,1.45,200
1778363192.3870656,status,GET,1.34,200
1778363192.408931,logs,GET,1.41,200
1778363193.373424,status,GET,1.28,200
1778363193.3942761,logs,GET,1.37,200
1778363194.37437,status,GET,1.27,200
1778363194.3964806,logs,GET,1.58,200
1778363195.3752537,status,GET,1.36,200
1778363195.3994179,logs,GET,1.47,200
1778363196.3739777,status,GET,1.28,200
1778363196.3971791,logs,GET,1.41,200
1778363197.3772259,status,GET,1.27,200
1778363197.398587,logs,GET,1.41,200
1778363198.372074,status,GET,1.35,200
1778363198.394618,logs,GET,1.4,200
1778363199.3738976,status,GET,1.29,200
1778363199.3969443,logs,GET,1.45,200
1778363200.3735816,status,GET,1.27,200
1778363200.3963413,logs,GET,1.5,200
1778363201.37435,status,GET,1.27,200
1778363201.3972795,logs,GET,1.43,200
1778363202.3739727,status,GET,1.28,200
1778363202.3967557,logs,GET,1.43,200
1778363203.383208,status,GET,1.35,200
1778363203.4061227,logs,GET,1.21,200
1778363204.3733246,status,GET,1.27,200
1778363204.3964603,logs,GET,1.57,200
1778363205.374195,status,GET,1.27,200
1778363205.3971126,logs,GET,1.4,200
1778363206.374309,status,GET,1.27,200
1778363206.3989613,logs,GET,1.39,200
1778363207.3732767,status,GET,1.27,200
1778363207.394543,logs,GET,1.39,200
1778363208.371408,status,GET,1.45,200
1778363208.3951156,logs,GET,1.53,200
1778363209.3735929,status,GET,1.28,200
1778363209.3969693,logs,GET,1.42,200
1778363210.3895526,status,GET,1.26,200
1778363210.417054,logs,GET,1.42,200
1778363211.3740652,status,GET,1.26,200
1778363211.402529,logs,GET,1.39,200
1778363212.382879,status,GET,1.26,200
1778363212.414262,logs,GET,1.39,200
1778363213.3731086,status,GET,1.27,200
1778363213.3923073,logs,GET,1.28,200
1778363214.375225,status,GET,1.33,200
1778363214.3967335,logs,GET,1.43,200
1778363215.3765795,status,GET,1.27,200
1778363215.398705,logs,GET,1.39,200
1778363216.3756163,status,GET,1.34,200
1778363216.3944185,logs,GET,1.39,200
1778363217.376693,status,GET,1.27,200
1778363217.3983798,logs,GET,1.4,200
1778363218.3763232,status,GET,1.31,200
1778363218.399265,logs,GET,1.55,200
1778363219.3716128,status,GET,1.41,200
1778363219.394631,logs,GET,1.39,200
1778363220.3733065,status,GET,1.28,200
1778363220.392804,logs,GET,1.41,200
1778363221.3784287,status,GET,1.26,200
1778363221.4008844,logs,GET,1.42,200
1778363222.3768015,status,GET,1.27,200
1778363222.398554,logs,GET,1.38,200
1778363223.3797348,status,GET,1.36,200
1778363223.4021723,logs,GET,1.23,200
1778363224.3764641,status,GET,1.1,200
1778363224.398253,logs,GET,1.22,200
1778363225.3794498,status,GET,1.22,200
1778363225.4003258,logs,GET,1.25,200
1778363226.3752556,status,GET,1.35,200
1778363226.3970625,logs,GET,1.42,200
1778363227.373378,status,GET,1.27,200
1778363227.3947628,logs,GET,1.4,200
1778363228.3754323,status,GET,1.37,200
1778363228.395295,logs,GET,1.46,200
1778363229.375219,status,GET,1.44,200
1778363229.396894,logs,GET,1.42,200
1778363230.3804007,status,GET,1.31,200
1778363230.416017,logs,GET,1.51,200
1778363231.3798563,status,GET,1.35,200
1778363231.4026906,logs,GET,1.4,200
1778363232.3767438,status,GET,1.27,200
1778363232.3995473,logs,GET,1.57,200
1778363233.3745892,status,GET,1.25,200
1778363233.3944447,logs,GET,1.2,200
1778363234.3737473,status,GET,1.1,200
1778363234.3942075,logs,GET,1.22,200
1778363235.3742192,status,GET,1.1,200
1778363235.394281,logs,GET,1.21,200
1778363236.3747358,status,GET,1.11,200
1778363236.396289,logs,GET,1.22,200
1778363237.3743572,status,GET,1.26,200
1778363237.3970969,logs,GET,1.4,200
1778363238.3741672,status,GET,1.11,200
1778363238.3925238,logs,GET,1.23,200
1778363239.3760679,status,GET,1.28,200
1778363239.4022663,logs,GET,1.21,200
1778363240.3739953,status,GET,1.1,200
1778363240.3935933,logs,GET,1.23,200
1778363241.3746428,status,GET,1.26,200
1778363241.3986669,logs,GET,1.38,200
1778363242.373575,status,GET,1.11,200
1778363242.3942428,logs,GET,1.21,200
1778363243.388649,status,GET,1.0,200
1778363243.4212635,logs,GET,1.09,200
1778363244.391015,status,GET,1.33,200
1778363244.41143,logs,GET,1.48,200
1778363245.3755634,status,GET,1.14,200
1778363245.395732,logs,GET,1.18,200
1778363246.3749216,status,GET,1.1,200
1778363246.3964279,logs,GET,1.27,200
1778363247.3952138,status,GET,1.04,200
1778363247.4136596,logs,GET,1.08,200
1778363248.3732975,status,GET,1.12,200
1778363248.3924417,logs,GET,1.25,200
1778363249.3750532,status,GET,1.17,200
1778363249.3943903,logs,GET,1.22,200
1778363250.3729088,status,GET,1.28,200
1778363250.395501,logs,GET,1.59,200
1778363251.374151,status,GET,1.27,200
1778363251.396781,logs,GET,1.41,200
1778363252.3768308,status,GET,1.27,200
1778363252.3992815,logs,GET,1.53,200
1778363253.374899,status,GET,1.28,200
1778363253.3961003,logs,GET,1.3,200
1778363254.3721685,status,GET,1.34,200
1778363254.396773,logs,GET,1.42,200
1778363255.3742917,status,GET,1.28,200
1778363255.3968208,logs,GET,1.43,200
1778363256.3799505,status,GET,1.45,200
1778363256.404762,logs,GET,1.43,200
1778363257.376096,status,GET,1.47,200
1778363257.3982644,logs,GET,1.42,200
1778363258.3789887,status,GET,1.27,200
1778363258.403535,logs,GET,1.57,200
1778363259.38045,status,GET,1.28,200
1778363259.4048562,logs,GET,1.42,200
1778363260.381978,status,GET,1.28,200
1778363260.416495,logs,GET,1.6,200
1778363261.3764083,status,GET,1.29,200
1778363261.399501,logs,GET,1.63,200
1778363262.3837855,status,GET,1.34,200
1778363262.4058294,logs,GET,1.4,200
1778363263.3775547,status,GET,1.27,200
1778363263.4001222,logs,GET,1.56,200
1778363264.3768957,status,GET,1.29,200
1778363264.4010632,logs,GET,1.42,200
1778363265.3759122,status,GET,1.33,200
1778363265.4012892,logs,GET,1.41,200
1778363266.3959162,status,GET,1.35,200
1778363266.4211545,logs,GET,1.41,200
1778363267.3913426,status,GET,1.2,200
1778363267.417814,logs,GET,1.22,200
1778363268.374214,status,GET,1.26,200
1778363268.3945932,logs,GET,1.4,200
1778363269.3760936,status,GET,1.37,200
1778363269.411703,logs,GET,1.61,200
1778363270.3909984,status,GET,1.34,200
1778363270.4254704,logs,GET,1.39,200
1778363271.3992176,status,GET,1.35,200
1778363271.4356096,logs,GET,1.57,200
1778363272.3818436,status,GET,1.27,200
1778363272.4141166,logs,GET,1.39,200
1778363273.3898365,status,GET,1.26,200
1778363273.416668,logs,GET,1.45,200
1778363274.3994567,status,GET,1.38,200
1778363274.4267554,logs,GET,1.39,200
1778363275.3988862,status,GET,1.28,200
1778363275.441894,logs,GET,1.21,200
1778363276.3849382,status,GET,1.28,200
1778363276.4298074,logs,GET,1.4,200
1778363277.3996434,status,GET,1.45,200
1778363277.444209,logs,GET,1.53,200
1778363278.3904905,status,GET,1.28,200
1778363278.4278228,logs,GET,1.61,200
1778363279.3920767,status,GET,1.43,200
1778363279.4333365,logs,GET,1.4,200
1778363280.3845847,status,GET,1.3,200
1778363280.4269297,logs,GET,1.39,200
1778363281.3971956,status,GET,1.28,200
1778363281.4416678,logs,GET,1.4,200
1778363282.3927782,status,GET,1.29,200
1778363282.436414,logs,GET,1.44,200
1778363283.3881984,status,GET,1.39,200
1778363283.4129505,logs,GET,1.42,200
1778363284.39032,status,GET,1.27,200
1778363284.4223042,logs,GET,1.4,200
1778363285.39898,status,GET,1.27,200
1778363285.431347,logs,GET,1.51,200
1778363286.3825848,status,GET,1.27,200
1778363286.4245079,logs,GET,1.22,200
1778363287.3804924,status,GET,1.29,200
1778363287.4097242,logs,GET,1.39,200
1778363288.3933876,status,GET,1.26,200
1778363288.4218857,logs,GET,1.4,200
1778363289.3831315,status,GET,1.4,200
1778363289.4275064,logs,GET,1.48,200
1778363290.3882458,status,GET,1.43,200
1778363290.4196434,logs,GET,1.65,200
1778363291.3966796,status,GET,1.28,200
1778363291.4492226,logs,GET,1.41,200
1778363292.397253,status,GET,1.28,200
1778363292.4404912,logs,GET,1.41,200
1778363293.4120638,status,GET,1.48,200
1778363293.4395418,logs,GET,1.57,200
1778363294.4003906,status,GET,1.27,200
1778363294.4362319,logs,GET,1.47,200
1778363295.399784,status,GET,1.17,200
1778363295.4404113,logs,GET,1.22,200
1778363296.3918111,status,GET,1.18,200
1778363296.4320486,logs,GET,1.28,200
1778363297.391784,status,GET,1.18,200
1778363297.4320605,logs,GET,1.34,200
1778363298.38811,status,GET,1.33,200
1778363298.43179,logs,GET,1.59,200
1778363299.3945377,status,GET,1.26,200
1778363299.4341137,logs,GET,1.4,200
1778363300.3921182,status,GET,1.1,200
1778363300.4325945,logs,GET,1.23,200
1778363301.38273,status,GET,1.11,200
1778363301.4248674,logs,GET,1.25,200
1778363302.3994358,status,GET,1.17,200
1778363302.442295,logs,GET,1.21,200
1778363303.405137,status,GET,1.27,200
1778363303.4343739,logs,GET,1.38,200
1778363304.398407,status,GET,0.99,200
1778363304.439005,logs,GET,1.48,200
1778363305.3843822,status,GET,1.0,200
1778363305.411488,logs,GET,1.22,200
1778363306.3852844,status,GET,0.98,200
1778363306.4106765,logs,GET,1.07,200
1778363307.39675,status,GET,1.0,200
1778363307.4327176,logs,GET,1.1,200
1778363308.3845289,status,GET,1.31,200
1778363308.4179037,logs,GET,0.98,200
1778363309.3924532,status,GET,1.28,200
1778363309.4280808,logs,GET,1.57,200
1778363310.3989835,status,GET,1.31,200
1778363310.4335423,logs,GET,1.4,200
1778363311.4024732,status,GET,1.27,200
1778363311.4430285,logs,GET,1.46,200
1778363312.3953257,status,GET,1.42,200
1778363312.4301634,logs,GET,1.39,200
1778363313.4006748,status,GET,1.26,200
1778363313.4338384,logs,GET,1.4,200
1778363314.3875895,status,GET,1.43,200
1778363314.4310434,logs,GET,1.46,200
1778363315.3944917,status,GET,1.27,200
1778363315.437025,logs,GET,1.22,200
1778363316.3850896,status,GET,1.26,200
1778363316.435733,logs,GET,1.28,200
1778363317.3888931,status,GET,1.29,200
1778363317.43101,logs,GET,1.46,200
1778363318.3898935,status,GET,1.26,200
1778363318.4167678,logs,GET,1.4,200
1778363319.3865485,status,GET,1.27,200
1778363319.4205601,logs,GET,1.42,200
1778363320.3906167,status,GET,1.26,200
1778363320.413735,logs,GET,1.4,200
1778363321.3886945,status,GET,1.27,200
1778363321.4207158,logs,GET,1.43,200
1778363322.390169,status,GET,1.29,200
1778363322.412865,logs,GET,1.4,200
1778363323.3868968,status,GET,1.26,200
1778363323.4138236,logs,GET,1.41,200
1778363324.3866484,status,GET,1.27,200
1778363324.4160972,logs,GET,1.51,200
1778363325.3862264,status,GET,1.27,200
1778363325.4087045,logs,GET,1.21,200
1778363326.3861716,status,GET,1.27,200
1778363326.423175,logs,GET,1.54,200
1778363327.3887756,status,GET,1.27,200
1778363327.4172955,logs,GET,1.41,200
1778363328.3959258,status,GET,1.43,200
1778363328.431601,logs,GET,1.64,200
1778363329.3856492,status,GET,1.28,200
1778363329.4225786,logs,GET,1.22,200
1778363330.3827095,status,GET,1.26,200
1778363330.410589,logs,GET,1.41,200
1778363331.3867013,status,GET,1.26,200
1778363331.419908,logs,GET,1.57,200
1778363332.3882053,status,GET,1.42,200
1778363332.439485,logs,GET,1.48,200
1778363333.3953457,status,GET,1.36,200
1778363333.4369667,logs,GET,1.42,200
1778363334.399621,status,GET,1.39,200
1778363334.4432504,logs,GET,1.58,200
1778363335.3902774,status,GET,1.29,200
1778363335.4310203,logs,GET,1.27,200
1778363336.3984845,status,GET,1.25,200
1778363336.4375749,logs,GET,1.22,200
1778363337.3986497,status,GET,1.26,200
1778363337.4437642,logs,GET,1.35,200
1778363338.38708,status,GET,1.41,200
1778363338.4170046,logs,GET,1.43,200
1778363339.4005914,status,GET,1.3,200
1778363339.4351294,logs,GET,1.52,200
1778363340.3973763,status,GET,1.29,200
1778363340.4295962,logs,GET,1.39,200
1778363341.3976018,status,GET,1.27,200
1778363341.4281273,logs,GET,1.57,200
1778363342.3974714,status,GET,1.26,200
1778363342.4440792,logs,GET,1.45,200
1778363343.4048665,status,GET,1.26,200
1778363343.4490967,logs,GET,1.42,200
1778363344.387095,status,GET,1.42,200
1778363344.4296222,logs,GET,1.23,200
1778363345.3944345,status,GET,1.26,200
1778363345.4396255,logs,GET,1.37,200
1778363346.4034092,status,GET,1.43,200
1778363346.4529092,logs,GET,1.39,200
1778363347.4029496,status,GET,1.25,200
1778363347.4461887,logs,GET,1.39,200
1778363348.397166,status,GET,1.26,200
1778363348.4336517,logs,GET,1.21,200
1778363349.3979404,status,GET,1.26,200
1778363349.4245286,logs,GET,1.44,200
1778363350.392332,status,GET,1.3,200
1778363350.4201343,logs,GET,1.57,200
1778363351.3880517,status,GET,1.33,200
1778363351.4178402,logs,GET,1.21,200
1778363352.4005768,status,GET,1.28,200
1778363352.4336736,logs,GET,1.39,200
1778363353.376394,status,GET,1.4,200
1778363353.4090157,logs,GET,1.41,200
1778363354.426267,status,GET,1.26,200
1778363354.5066507,logs,GET,1.2,200
1778363355.3965557,status,GET,1.19,200
1778363355.4409723,logs,GET,1.43,200
1778363356.3863752,status,GET,1.11,200
1778363356.4328158,logs,GET,1.24,200
1778363357.3870904,status,GET,1.15,200
1778363357.4349678,logs,GET,1.21,200
1778363358.3835933,status,GET,1.22,200
1778363358.4242408,logs,GET,1.39,200
1778363359.3851619,status,GET,1.09,200
1778363359.4230556,logs,GET,1.34,200
1778363360.395287,status,GET,1.16,200
1778363360.4404755,logs,GET,1.24,200
1778363361.3997412,status,GET,1.25,200
1778363361.4443145,logs,GET,1.22,200
1778363362.388243,status,GET,0.99,200
1778363362.4298913,logs,GET,1.2,200
1778363363.3842742,status,GET,0.99,200
1778363363.4252925,logs,GET,1.08,200
1778363364.3969812,status,GET,0.99,200
1778363364.435023,logs,GET,1.26,200
1778363365.3862994,status,GET,1.26,200
1778363365.4304614,logs,GET,1.09,200
1778363366.402522,status,GET,1.26,200
1778363366.4376087,logs,GET,1.4,200
1778363367.3787527,status,GET,1.26,200
1778363367.4154747,logs,GET,1.48,200
1778363368.3869457,status,GET,1.26,200
1778363368.4231398,logs,GET,1.54,200
1778363369.3832784,status,GET,1.37,200
1778363369.41317,logs,GET,1.41,200
1778363370.3853457,status,GET,1.25,200
1778363370.4244716,logs,GET,1.6,200
1778363371.3991842,status,GET,1.35,200
1778363371.4514008,logs,GET,1.56,200
1778363372.390359,status,GET,1.27,200
1778363372.436036,logs,GET,1.49,200
1778363373.3984046,status,GET,1.26,200
1778363373.4414058,logs,GET,1.39,200
1778363374.404873,status,GET,1.27,200
1778363374.4483612,logs,GET,1.53,200
1778363375.379096,status,GET,1.41,200
1778363375.4088094,logs,GET,1.22,200
1778363376.3785474,status,GET,1.26,200
1778363376.4087477,logs,GET,1.22,200
1778363377.3890033,status,GET,1.27,200
1778363377.4187279,logs,GET,1.41,200
1778363378.392445,status,GET,1.28,200
1778363378.4340956,logs,GET,1.2,200
1778363379.3974853,status,GET,1.28,200
1778363379.4433825,logs,GET,1.54,200
1778363380.3922827,status,GET,1.29,200
1778363380.4220803,logs,GET,1.38,200
1778363381.3844094,status,GET,1.28,200
1778363381.409364,logs,GET,1.39,200
1778363382.39468,status,GET,1.29,200
1778363382.4525797,logs,GET,1.44,200
1778363383.3945818,status,GET,1.27,200
1778363383.423862,logs,GET,1.53,200
1778363384.4011223,status,GET,1.28,200
1778363384.4360023,logs,GET,1.44,200
1778363385.4001675,status,GET,1.41,200
1778363385.4357142,logs,GET,1.26,200
1778363386.4012258,status,GET,1.26,200
1778363386.4412417,logs,GET,1.41,200
1778363387.4249434,status,GET,1.28,200
1778363387.4571643,logs,GET,1.42,200
1778363388.393411,status,GET,1.28,200
1778363388.4387422,logs,GET,1.41,200
1778363389.3852973,status,GET,1.27,200
1778363389.4276335,logs,GET,1.39,200
1778363390.3895156,status,GET,1.25,200
1778363390.4171395,logs,GET,1.4,200
1778363391.3946192,status,GET,1.25,200
1778363391.4403632,logs,GET,1.4,200
1778363392.398612,status,GET,1.26,200
1778363392.4350882,logs,GET,1.52,200
1778363393.4066157,status,GET,1.26,200
1778363393.4436743,logs,GET,1.58,200
1778363394.3992977,status,GET,1.42,200
1778363394.4330676,logs,GET,1.41,200
1778363395.4007633,status,GET,1.29,200
1778363395.4410214,logs,GET,1.42,200
1778363396.3897734,status,GET,1.27,200
1778363396.4395988,logs,GET,1.56,200
1778363397.3961008,status,GET,1.36,200
1778363397.459475,logs,GET,1.47,200
1778363398.3975637,status,GET,1.11,200
1778363398.4317644,logs,GET,1.27,200
1778363399.39233,status,GET,1.31,200
1778363399.4274662,logs,GET,1.57,200
1778363400.3946,status,GET,1.27,200
1778363400.4314735,logs,GET,1.47,200
1778363401.3834593,status,GET,1.36,200
1778363401.4185421,logs,GET,1.4,200
1778363402.3981898,status,GET,1.25,200
1778363402.4274645,logs,GET,1.54,200
1778363403.3976064,status,GET,1.25,200
1778363403.4253561,logs,GET,1.37,200
1778363404.4005039,status,GET,1.26,200
1778363404.431188,logs,GET,1.5,200
1778363405.3903384,status,GET,1.28,200
1778363405.428719,logs,GET,1.22,200
1778363406.3941488,status,GET,1.26,200
1778363406.434243,logs,GET,1.2,200
1778363407.403636,status,GET,1.33,200
1778363407.444903,logs,GET,1.21,200
1778363408.3807302,status,GET,1.27,200
1778363408.4448848,logs,GET,1.43,200
1778363409.3947313,status,GET,1.26,200
1778363409.4295814,logs,GET,1.39,200
1778363410.3978128,status,GET,1.25,200
1778363410.4436297,logs,GET,1.48,200
1778363411.3885803,status,GET,1.25,200
1778363411.418771,logs,GET,1.37,200
1778363412.397406,status,GET,1.26,200
1778363412.4394388,logs,GET,2.41,200
1778363413.384989,status,GET,1.26,200
1778363413.4177663,logs,GET,1.38,200
1778363414.3981862,status,GET,1.25,200
1778363414.4317029,logs,GET,1.48,200
1778363415.4071734,status,GET,1.36,200
1778363415.4531803,logs,GET,1.39,200
1778363416.4000256,status,GET,1.34,200
1778363416.4486465,logs,GET,1.23,200
1778363417.3927705,status,GET,1.25,200
1778363417.4394395,logs,GET,1.29,200
1778363418.3954504,status,GET,1.94,200
1778363418.469699,logs,GET,1.21,200
1778363419.39974,status,GET,1.06,200
1778363419.4404924,logs,GET,1.1,200
1778363420.3816845,status,GET,1.1,200
1778363420.4297953,logs,GET,1.22,200
1778363421.3863432,status,GET,0.98,200
1778363421.4191508,logs,GET,1.28,200
1778363422.3899088,status,GET,1.1,200
1778363422.43185,logs,GET,1.27,200
1778363423.3966324,status,GET,0.99,200
1778363423.4382582,logs,GET,1.92,200
1778363424.3918602,status,GET,1.02,200
1778363424.4337654,logs,GET,1.08,200
1778363425.3901134,status,GET,0.98,200
1778363425.423007,logs,GET,1.17,200
1778363426.3872962,status,GET,1.48,200
1778363426.4273353,logs,GET,1.38,200
1778363427.395337,status,GET,1.33,200
1778363427.434384,logs,GET,1.39,200
1778363428.3976784,status,GET,1.29,200
1778363428.4370933,logs,GET,1.41,200
1778363429.38533,status,GET,2.58,200
1778363429.4152687,logs,GET,1.46,200
1778363430.3832893,status,GET,1.37,200
1778363430.4109817,logs,GET,1.39,200
1778363431.3916862,status,GET,1.34,200
1778363431.4300282,logs,GET,1.39,200
1778363432.4019032,status,GET,1.27,200
1778363432.4516618,logs,GET,1.51,200
1778363433.3953118,status,GET,1.34,200
1778363433.4444804,logs,GET,1.48,200
1778363434.3982944,status,GET,1.26,200
1778363434.4395602,logs,GET,2.56,200
1778363435.3872795,status,GET,1.41,200
1778363435.4303842,logs,GET,1.38,200
1778363436.3926363,status,GET,1.25,200
1778363436.4381804,logs,GET,1.23,200
1778363437.3983128,status,GET,1.26,200
1778363437.445539,logs,GET,1.39,200
1778363438.3854823,status,GET,1.29,200
1778363438.4276557,logs,GET,1.48,200
1778363439.3889036,status,GET,1.27,200
1778363439.4218519,logs,GET,1.42,200
1778363440.400526,status,GET,2.53,200
1778363440.429759,logs,GET,1.39,200
1778363441.3834467,status,GET,1.39,200
1778363441.412587,logs,GET,1.43,200
1778363442.3966832,status,GET,1.27,200
1778363442.4366324,logs,GET,1.42,200
1778363443.3926616,status,GET,1.26,200
1778363443.4204109,logs,GET,1.4,200
1778363444.3893719,status,GET,1.25,200
1778363444.4119804,logs,GET,1.47,200
1778363445.4002137,status,GET,1.33,200
1778363445.4375787,logs,GET,2.54,200
1778363446.430277,status,GET,1.25,200
1778363446.4969516,logs,GET,1.42,200
1778363447.3884752,status,GET,1.3,200
1778363447.4523835,logs,GET,1.24,200
1778363448.3921638,status,GET,1.35,200
1778363448.416011,logs,GET,1.57,200
1778363449.4019418,status,GET,1.26,200
1778363449.4420943,logs,GET,1.4,200
1778363450.3837945,status,GET,1.44,200
1778363450.4286387,logs,GET,1.41,200
1778363451.3956442,status,GET,2.44,200
1778363451.4417887,logs,GET,1.39,200
1778363452.3963728,status,GET,1.32,200
1778363452.4397814,logs,GET,1.59,200
1778363453.3857403,status,GET,1.25,200
1778363453.431793,logs,GET,1.46,200
1778363454.3962963,status,GET,1.44,200
1778363454.4386046,logs,GET,1.41,200
1778363455.3974755,status,GET,1.26,200
1778363455.4551258,logs,GET,1.53,200
1778363456.3985941,status,GET,1.25,200
1778363456.447797,logs,GET,2.73,200
1778363457.4039044,status,GET,1.41,200
1778363457.4452593,logs,GET,1.41,200
1778363458.390222,status,GET,1.26,200
1778363458.4445703,logs,GET,1.23,200
1778363459.3851063,status,GET,1.26,200
1778363459.4415772,logs,GET,1.4,200
1778363460.4071786,status,GET,1.36,200
1778363460.4356053,logs,GET,1.56,200
1778363461.4012778,status,GET,1.27,200
1778363461.4530168,logs,GET,1.41,200
1778363462.3856468,status,GET,2.41,200
1778363462.4337218,logs,GET,1.41,200
1778363463.387727,status,GET,1.35,200
1778363463.435356,logs,GET,1.58,200
1778363464.3973138,status,GET,1.27,200
1778363464.4424746,logs,GET,1.38,200
1778363465.4036727,status,GET,1.34,200
1778363465.4602892,logs,GET,1.57,200
1778363466.4094813,status,GET,1.26,200
1778363466.473866,logs,GET,1.4,200
1778363467.400152,status,GET,1.33,200
1778363467.4485674,logs,GET,2.46,200
1778363468.3906293,status,GET,1.26,200
1778363468.4223077,logs,GET,1.39,200
1778363469.3933613,status,GET,0.97,200
1778363469.4222772,logs,GET,1.08,200
1778363470.3918836,status,GET,1.43,200
1778363470.428976,logs,GET,1.41,200
1778363471.3846679,status,GET,1.0,200
1778363471.422569,logs,GET,1.08,200
1778363472.389792,status,GET,1.28,200
1778363472.4323084,logs,GET,1.48,200
1778363473.3936355,status,GET,3.35,200
1778363473.437095,logs,GET,1.41,200
1778363474.3924403,status,GET,1.26,200
1778363474.419617,logs,GET,1.55,200
1778363475.3981888,status,GET,1.09,200
1778363475.4367692,logs,GET,1.42,200
1778363476.4007711,status,GET,1.1,200
1778363476.4507844,logs,GET,1.23,200
1778363477.404968,status,GET,1.11,200
1778363477.451165,logs,GET,1.34,200
1778363478.3932111,status,GET,1.27,200
1778363478.4356797,logs,GET,1.46,200
1778363479.397269,status,GET,1.1,200
1778363479.4377673,logs,GET,1.21,200
1778363480.3854759,status,GET,1.09,200
1778363480.4183471,logs,GET,1.2,200
1778363481.3927884,status,GET,1.11,200
1778363481.4141152,logs,GET,1.22,200
1778363482.389936,status,GET,0.98,200
1778363482.4117255,logs,GET,1.22,200
1778363483.389579,status,GET,0.97,200
1778363483.414603,logs,GET,1.07,200
1778363484.4014323,status,GET,0.97,200
1778363484.4284394,logs,GET,1.09,200
1778363485.390336,status,GET,1.25,200
1778363485.4121742,logs,GET,1.59,200
1778363486.3828669,status,GET,1.26,200
1778363486.4030707,logs,GET,1.33,200
1778363487.3952024,status,GET,1.42,200
1778363487.4312801,logs,GET,1.36,200
1778363488.3937078,status,GET,1.26,200
1778363488.4299285,logs,GET,1.38,200
1778363489.4018161,status,GET,1.26,200
1778363489.4465199,logs,GET,1.38,200
1778363490.37542,status,GET,1.35,200
1778363490.3996158,logs,GET,1.57,200
1778363491.378416,status,GET,1.26,200
1778363491.4093683,logs,GET,1.39,200
1778363492.3814387,status,GET,1.27,200
1778363492.4037197,logs,GET,1.55,200
1778363493.3927288,status,GET,1.27,200
1778363493.416388,logs,GET,1.58,200
1778363494.3983467,status,GET,1.27,200
1778363494.4251568,logs,GET,1.42,200
1778363495.3996766,status,GET,1.44,200
1778363495.4307394,logs,GET,1.22,200
1778363496.3787355,status,GET,1.26,200
1778363496.4086819,logs,GET,1.42,200
1778363497.378316,status,GET,1.26,200
1778363497.4042284,logs,GET,1.54,200
1778363498.3803182,status,GET,1.43,200
1778363498.4025633,logs,GET,1.39,200
1778363499.3758276,status,GET,1.46,200
1778363499.398307,logs,GET,1.22,200
1778363500.3875937,status,GET,1.48,200
1778363500.4126244,logs,GET,1.24,200
1778363502.0592203,status,GET,1.33,200
1778363502.0822,logs,GET,1.4,200
1778363503.0646095,status,GET,1.3,200
1778363503.092206,logs,GET,1.52,200
1778363504.0636718,status,GET,1.44,200
1778363504.0882096,logs,GET,1.57,200
1778363505.0650473,status,GET,1.29,200
1778363505.0893369,logs,GET,1.25,200
1778363506.0799177,status,GET,1.34,200
1778363506.1051474,logs,GET,1.22,200
1778363507.067376,status,GET,1.45,200
1778363507.0947447,logs,GET,1.4,200
1778363508.0637937,status,GET,1.45,200
1778363508.0902505,logs,GET,1.41,200
1778363509.0750484,status,GET,1.33,200
1778363509.1089475,logs,GET,1.4,200
1778363510.0804722,status,GET,1.3,200
1778363510.1141286,logs,GET,1.39,200
1778363511.0720592,status,GET,1.22,200
1778363511.0958645,logs,GET,1.35,200
1778363512.0621355,status,GET,1.1,200
1778363512.0880792,logs,GET,1.34,200
1778363513.067535,status,GET,1.18,200
1778363513.0917268,logs,GET,1.33,200
1778363514.0641084,status,GET,1.24,200
1778363514.0877893,logs,GET,1.34,200
1778363515.0968354,status,GET,1.13,200
1778363515.1210885,logs,GET,1.22,200
1778363516.107564,status,GET,1.19,200
1778363516.1576626,logs,GET,1.21,200
1778363517.104342,status,GET,1.11,200
1778363517.1649992,logs,GET,1.22,200
1778363518.0780125,status,GET,0.97,200
1778363518.1277013,logs,GET,1.33,200
1778363519.0608077,status,GET,0.99,200
1778363519.0819726,logs,GET,1.09,200
1778363520.0597854,status,GET,1.19,200
1778363520.0901358,logs,GET,1.07,200
1778363521.068432,status,GET,1.29,200
1778363521.0912304,logs,GET,1.2,200
1778363522.071507,status,GET,1.47,200
1778363522.0996277,logs,GET,1.21,200
1778363523.0647714,status,GET,1.27,200
1778363523.0938292,logs,GET,1.38,200
1778363524.069804,status,GET,1.29,200
1778363524.0973454,logs,GET,1.39,200
1778363525.0751219,status,GET,1.33,200
1778363525.0989301,logs,GET,1.38,200
1778363526.0796027,status,GET,1.44,200
1778363526.1046956,logs,GET,1.41,200
1778363527.0664272,status,GET,1.26,200
1778363527.090756,logs,GET,1.39,200
1778363528.0624967,status,GET,1.26,200
1778363528.0845015,logs,GET,1.47,200
1778363529.067393,status,GET,1.34,200
1778363529.0929518,logs,GET,1.42,200
1778363530.060687,status,GET,1.27,200
1778363530.0924697,logs,GET,1.58,200
1778363531.0682337,status,GET,1.11,200
1778363531.0947716,logs,GET,1.4,200
1778363532.0618167,status,GET,1.28,200
1778363532.0903978,logs,GET,1.35,200
1778363533.0636294,status,GET,1.35,200
1778363533.0848868,logs,GET,1.43,200
1778363534.060075,status,GET,1.35,200
1778363534.0849142,logs,GET,1.42,200
1778363535.076169,status,GET,1.42,200
1778363535.1009161,logs,GET,1.43,200
1778363536.064244,status,GET,1.5,200
1778363536.0887868,logs,GET,1.43,200
1778363537.0671833,status,GET,1.36,200
1778363537.099123,logs,GET,1.48,200
1778363538.0736222,status,GET,1.26,200
1778363538.1124759,logs,GET,1.42,200
1778363539.0715878,status,GET,1.4,200
1778363539.1020775,logs,GET,1.37,200
1778363540.081907,status,GET,2.76,200
1778363540.1126099,logs,GET,1.44,200
1778363541.0660856,status,GET,1.27,200
1778363541.0927799,logs,GET,1.22,200
1778363542.1186168,status,GET,1.26,200
1778363542.1455472,logs,GET,1.39,200
1778363543.066985,status,GET,1.26,200
1778363543.0935335,logs,GET,1.39,200
1778363544.0775037,status,GET,1.26,200
1778363544.1039045,logs,GET,1.46,200
1778363545.0864706,status,GET,1.26,200
1778363545.1154344,logs,GET,1.48,200
1778363546.107047,status,GET,1.34,200
1778363546.1339781,logs,GET,1.39,200
1778363547.0831375,status,GET,1.34,200
1778363547.12593,logs,GET,1.21,200
1778363548.0730958,status,GET,1.25,200
1778363548.125684,logs,GET,1.23,200
1778363549.0905082,status,GET,1.25,200
1778363549.1320312,logs,GET,1.53,200
1778363550.068017,status,GET,1.33,200
1778363550.099519,logs,GET,1.54,200
1778363551.106106,status,GET,1.24,200
1778363551.1356487,logs,GET,1.52,200
1778363552.0666494,status,GET,1.26,200
1778363552.0964258,logs,GET,1.22,200
1778363553.0807977,status,GET,1.29,200
1778363553.1103227,logs,GET,1.39,200
1778363554.061298,status,GET,1.26,200
1778363554.0932355,logs,GET,1.42,200
1778363555.0633423,status,GET,1.43,200
1778363555.0904846,logs,GET,1.39,200
1778363556.0657606,status,GET,1.26,200
1778363556.0907576,logs,GET,1.38,200
1778363557.0694978,status,GET,1.26,200
1778363557.0957346,logs,GET,1.52,200
1778363558.0636544,status,GET,1.32,200
1778363558.086234,logs,GET,1.38,200
1778363559.07132,status,GET,1.34,200
1778363559.0990837,logs,GET,1.53,200
1778363560.0773153,status,GET,1.26,200
1778363560.14326,logs,GET,1.46,200
1778363609.0833075,status,GET,1.34,200
1778363609.1049333,logs,GET,1.42,200
1778363609.3784695,status,GET,1.25,200
1778363609.4231207,logs,GET,1.55,200
1778363611.0620744,status,GET,1.26,200
1778363611.0890698,logs,GET,1.41,200
1778363612.0721526,status,GET,1.44,200
1778363612.0979898,logs,GET,1.38,200
1778363613.0678658,status,GET,1.32,200
1778363613.103755,logs,GET,1.28,200
1778363614.0679882,status,GET,1.51,200
1778363614.107434,logs,GET,1.59,200
1778363615.0758753,status,GET,1.43,200
1778363615.102667,logs,GET,1.37,200
1778363616.0758116,status,GET,1.38,200
1778363616.1023688,logs,GET,1.21,200
1778363617.0720878,status,GET,1.34,200
1778363617.1015759,logs,GET,1.39,200
1778363618.0706012,status,GET,1.25,200
1778363618.097326,logs,GET,1.4,200
1778363619.0717096,status,GET,1.43,200
1778363619.1013012,logs,GET,1.4,200
1778363620.0775833,status,GET,1.27,200
1778363620.1094942,logs,GET,1.39,200
1778363621.0668855,status,GET,1.26,200
1778363621.0953956,logs,GET,1.54,200
1778363622.0651176,status,GET,0.99,200
1778363622.1025567,logs,GET,1.39,200
1778363623.0671134,status,GET,1.06,200
1778363623.09367,logs,GET,1.23,200
1778363624.0672712,status,GET,1.42,200
1778363624.1060884,logs,GET,1.37,200
1778363625.0776086,status,GET,1.24,200
1778363625.114343,logs,GET,1.38,200
1778363626.069632,status,GET,0.98,200
1778363626.096334,logs,GET,1.1,200
1778363627.0680068,status,GET,1.33,200
1778363627.093855,logs,GET,1.39,200
1778363644.354177,status,GET,0.57,200
1778363644.387754,status,GET,0.57,200
1778363644.3997955,logs,GET,0.64,200
1778363644.419139,logs,GET,0.47,200
1778363645.0711484,status,GET,0.63,200
1778363645.1016774,logs,GET,0.41,200
1778363646.0798883,status,GET,0.55,200
1778363646.1102817,logs,GET,0.41,200
1778363647.0627193,status,GET,0.54,200
1778363647.0903652,logs,GET,0.4,200
1778363648.074611,status,GET,0.52,200
1778363648.1040688,logs,GET,0.4,200
1778363649.0725226,status,GET,1.3,200
1778363649.102639,logs,GET,0.93,200
1778363650.0680165,status,GET,1.34,200
1778363650.09444,logs,GET,0.82,200
1778363651.079428,status,GET,1.53,200
1778363651.1220224,logs,GET,0.83,200
1778363652.0891838,status,GET,1.28,200
1778363652.1288204,logs,GET,0.93,200
1778363653.0800102,status,GET,1.56,200
1778363653.1176524,logs,GET,0.93,200
1778363654.0805275,status,GET,2.49,200
1778363654.1118674,logs,GET,0.87,200
1778363655.065541,status,GET,1.29,200
1778363655.0988622,logs,GET,0.93,200
1778363656.0749464,status,GET,1.29,200
1778363656.1021836,logs,GET,0.94,200
1778363657.074735,status,GET,1.28,200
1778363657.100116,logs,GET,0.97,200
1778363658.0687826,status,GET,1.31,200
1778363658.1026258,logs,GET,0.94,200
1778363659.0710251,status,GET,1.39,200
1778363659.1104724,logs,GET,0.93,200
1778363660.0727773,status,GET,1.29,200
1778363660.108928,logs,GET,0.94,200
1778363661.07313,status,GET,1.13,200
1778363661.100915,logs,GET,0.82,200
1778363662.074754,status,GET,1.3,200
1778363662.0987558,logs,GET,0.82,200
1778363663.0779042,status,GET,1.12,200
1778363663.1022205,logs,GET,0.82,200
1778364422.3279862,status,GET,0.6,200
1778364422.3300602,unknown,GET,0.39,404
1778364422.3506215,status,GET,0.56,200
1778364422.3573,unknown,GET,0.32,404
1778364422.3586826,logs,GET,0.38,200
1778364422.3666646,status,GET,0.71,200
1778364422.3795302,unknown,GET,0.33,404
1778364422.3808537,logs,GET,0.41,200
1778364422.38606,status,GET,0.85,200
1778364422.3986506,unknown,GET,0.32,404
1778364422.4026856,logs,GET,0.69,200
1778364422.4060583,status,GET,0.54,200
1778364422.420171,unknown,GET,0.33,404
1778364422.4251354,logs,GET,0.4,200
1778364422.4265625,status,GET,0.51,200
1778364422.4384468,unknown,GET,0.32,404
1778364422.4483383,logs,GET,0.43,200
1778364422.4504585,status,GET,0.86,200
1778364422.456769,unknown,GET,0.31,404
1778364422.4727044,logs,GET,0.42,200
1778364422.4760106,status,GET,1.52,200
1778364422.4795346,unknown,GET,0.31,404
1778364422.4982216,logs,GET,0.43,200
1778364422.501249,status,GET,0.53,200
1778364422.5040205,unknown,GET,0.31,404
1778364422.5184584,logs,GET,0.4,200
1778364422.5222762,status,GET,0.54,200
1778364422.5278144,unknown,GET,0.31,404
1778364422.5400658,logs,GET,0.41,200
1778364422.5415382,status,GET,0.63,200
1778364422.548773,unknown,GET,0.31,404
1778364422.5622547,logs,GET,0.41,200
1778364422.5658522,status,GET,0.6,200
1778364422.5680926,unknown,GET,0.31,404
1778364422.5864024,logs,GET,0.4,200
1778364422.6026933,logs,GET,0.39,200
1778364423.5176888,unknown,GET,0.39,404
1778364423.5188015,unknown,GET,0.27,404
1778364423.5214984,status,GET,0.53,200
1778364423.5427568,logs,GET,0.4,200
1778364424.5177176,unknown,GET,0.41,404
1778364424.5208042,status,GET,0.53,200
1778364424.5387282,logs,GET,0.4,200
1778365181.478822,index,GET,25.2,200
1778365181.5431309,lighting_patterns,GET,0.58,200
1778365181.5446718,status,GET,0.61,200
1778365181.5466242,get_app_settings,GET,0.95,200
1778365181.5922182,lighting_status,GET,0.36,200
1778365181.6990132,logs,GET,0.41,200
1778365182.317462,set_mode,POST,13.27,200
1778365182.335125,status,GET,0.78,200
1778365182.3501928,logs,GET,0.56,200
1778365182.561999,status,GET,0.61,200
1778365182.5830593,logs,GET,0.52,200
1778365183.5503192,status,GET,0.53,200
1778365183.5674055,logs,GET,0.52,200
1778365184.559406,status,GET,1.29,200
1778365184.585338,logs,GET,1.28,200
1778365185.5750167,status,GET,1.29,200
1778365185.6031835,logs,GET,1.31,200
1778365186.5686996,status,GET,2.24,200
1778365186.5915031,logs,GET,1.31,200
1778365187.5653062,status,GET,1.26,200
1778365187.5875268,logs,GET,1.32,200
1778365188.5603633,status,GET,1.27,200
1778365188.5832055,logs,GET,1.33,200
1778365189.562068,status,GET,1.34,200
1778365189.5836112,logs,GET,1.31,200
1778365190.5522196,status,GET,1.28,200
1778365190.5738785,logs,GET,1.44,200
1778365191.5624425,status,GET,1.33,200
1778365191.585961,logs,GET,2.2,200
1778365192.5699558,status,GET,1.36,200
1778365192.590952,logs,GET,1.47,200
1778369020.1623871,status,GET,1.55,200
1778369020.166302,unknown,GET,1.03,404
1778369020.1742594,unknown,GET,0.78,404
1778369020.203464,logs,GET,0.87,200
1778369080.1636672,status,GET,1.37,200
1778369080.167808,unknown,GET,0.75,404
1778369080.1741006,unknown,GET,0.92,404
1778369080.2151084,logs,GET,0.78,200
1778369140.2015703,status,GET,2.3,200
1778369140.2078328,unknown,GET,0.75,404
1778369140.2108197,unknown,GET,0.72,404
1778369140.2445748,logs,GET,0.95,200
1778369200.241125,status,GET,1.36,200
1778369200.333581,unknown,GET,0.82,404
1778369200.3749533,unknown,GET,0.65,404
1778369207.8952231,logs,GET,0.97,200
1778369260.1654553,status,GET,1.35,200
1778369260.186635,unknown,GET,0.67,404
1778369260.194011,unknown,GET,1.97,404
1778369260.198083,logs,GET,0.99,200
1778369297.7109625,status,GET,1.35,200
1778369297.7139814,unknown,GET,0.87,404
1778369297.7165644,unknown,GET,0.65,404
1778369297.7440171,logs,GET,0.95,200
1778369299.286652,unknown,GET,0.76,404
1778369299.2902508,status,GET,1.37,200
1778369299.292959,unknown,GET,0.7,404
1778369299.3182783,logs,GET,1.11,200
1778369300.1850038,status,GET,1.2,200
1778369300.190165,unknown,GET,0.7,404
1778369300.220226,logs,GET,0.83,200
1778369301.1701882,status,GET,1.11,200
1778369301.1724265,unknown,GET,0.56,404
1778369301.1755393,unknown,GET,0.56,404
1778369301.2070537,logs,GET,0.75,200
1778369302.1885707,status,GET,1.13,200
1778369302.193128,unknown,GET,0.69,404
1778369302.2153637,logs,GET,0.83,200
1778369302.5736432,status,GET,1.41,200
1778369302.5782187,unknown,GET,2.34,404
1778369302.5821095,unknown,GET,0.8,404
1778369302.6117132,logs,GET,0.96,200
1778369303.5713022,status,GET,1.33,200
1778369303.5780172,unknown,GET,0.9,404
1778369303.5947952,logs,GET,0.98,200
1778369303.7261946,set_mode,POST,4.53,200
1778369303.746755,status,GET,1.43,200
1778369303.7714338,logs,GET,1.11,200
1778369304.5757115,status,GET,1.36,200
1778369304.578825,unknown,GET,0.73,404
1778369304.583008,unknown,GET,0.72,404
1778369304.6061962,logs,GET,1.35,200
1778369305.5741403,status,GET,1.42,200
1778369305.5780406,unknown,GET,0.81,404
1778369305.599779,logs,GET,1.23,200
1778369305.8384018,index,GET,67.62,200
1778369305.8866603,get_app_settings,GET,1.65,200
1778369305.8918803,status,GET,0.77,200
1778369305.895639,lighting_patterns,GET,0.8,200
1778369306.0260944,lighting_status,GET,0.95,200
1778369306.0320942,logs,GET,0.96,200
1778369306.8964152,status,GET,1.32,200
1778369306.91544,logs,GET,1.12,200
1778369307.8965182,status,GET,1.31,200
1778369307.915578,logs,GET,0.96,200
1778369308.8962324,status,GET,1.31,200
1778369308.9173434,logs,GET,1.09,200
1778369309.9070249,status,GET,1.34,200
1778369309.9272997,logs,GET,1.12,200
1778369310.9076493,status,GET,2.6,200
1778369310.9304109,logs,GET,1.25,200
1778369311.913241,status,GET,1.3,200
1778369311.9356673,logs,GET,0.96,200
1778369312.967431,pacer_start_all,POST,77.08,200
1778369312.9688902,status,GET,45.11,200
1778369313.0024328,logs,GET,1.69,200
1778369313.903352,status,GET,1.05,200
1778369313.9372094,logs,GET,1.81,200
1778369314.8990703,status,GET,2.16,200
1778369314.9212067,logs,GET,2.08,200
1778369315.898293,status,GET,1.23,200
1778369315.9212332,logs,GET,2.23,200
1778369316.9025354,status,GET,1.29,200
1778369316.9243443,logs,GET,2.38,200
1778369317.9133432,status,GET,1.17,200
1778369317.9450426,logs,GET,2.51,200
1778369318.9084065,status,GET,0.56,200
1778369318.9277635,logs,GET,1.14,200
1778369319.8953657,status,GET,0.54,200
1778369319.9203289,logs,GET,1.64,200
1778369320.903463,status,GET,0.55,200
1778369320.9262295,logs,GET,1.41,200
1778369321.9035587,status,GET,0.55,200
1778369321.926523,logs,GET,1.51,200
1778369322.9069061,status,GET,0.56,200
1778369322.934601,logs,GET,1.44,200
1778369323.9045138,status,GET,1.02,200
1778369323.92912,logs,GET,2.95,200
1778369324.900195,status,GET,1.04,200
1778369324.9277651,logs,GET,3.1,200
1778369325.9140565,status,GET,3.62,200
1778369325.9465644,logs,GET,3.35,200
1778369326.922757,status,GET,1.17,200
1778369326.9501786,logs,GET,3.97,200
1778369327.9097497,status,GET,1.26,200
1778369327.9381194,logs,GET,4.07,200
1778369328.9119248,status,GET,1.17,200
1778369328.9420283,logs,GET,4.23,200
1778369329.90977,status,GET,1.24,200
1778369329.9368844,logs,GET,4.46,200
1778369330.902265,status,GET,1.25,200
1778369330.9420714,logs,GET,5.53,200
1778369331.9053342,status,GET,1.35,200
1778369331.9394212,logs,GET,4.62,200
1778369332.9059703,status,GET,1.21,200
1778369332.9363635,logs,GET,4.13,200
1778369333.9045722,status,GET,1.04,200
1778369333.932986,logs,GET,4.92,200
1778369334.910617,status,GET,1.04,200
1778369334.9411974,logs,GET,4.47,200
1778369335.915641,status,GET,1.14,200
1778369335.9431558,logs,GET,5.15,200
1778369336.9112635,status,GET,2.04,200
1778369336.9371402,logs,GET,4.51,200
1778369337.9357557,status,GET,20.91,200
1778369337.9657772,logs,GET,6.16,200
1778369338.9096253,status,GET,1.23,200
1778369338.939073,logs,GET,6.26,200
1778369339.8997009,status,GET,1.15,200
1778369339.936813,logs,GET,9.76,200
1778369340.8962672,status,GET,1.16,200
1778369340.9247491,logs,GET,6.38,200
1778369341.9005787,status,GET,1.03,200
1778369341.9251132,logs,GET,6.42,200
1778369342.9029076,status,GET,1.17,200
1778369342.9462364,logs,GET,6.75,200
1778369343.8983493,status,GET,1.1,200
1778369343.9286463,logs,GET,5.75,200
1778369344.296822,pacer_stop_all,POST,62.54,200
1778369344.895069,status,GET,1.14,200
1778369344.919296,logs,GET,6.43,200
1778369345.8291876,set_mode,POST,81.34,200
1778369345.849725,status,GET,0.97,200
1778369345.8726537,logs,GET,4.83,200
1778369345.8922892,status,GET,0.92,200
1778369345.9138157,logs,GET,4.87,200
1778369346.9105623,status,GET,1.32,200
1778369346.9343805,logs,GET,6.23,200
1778369347.9073536,status,GET,1.01,200
1778369347.9328468,logs,GET,5.38,200
1778369348.9073186,status,GET,1.29,200
1778369348.9303005,logs,GET,5.41,200
1778369349.9180677,status,GET,1.47,200
1778369349.9535239,logs,GET,5.56,200
1778369350.912567,status,GET,1.3,200
1778369350.9535096,logs,GET,7.05,200
1778369351.9103134,status,GET,1.53,200
1778369351.9426284,logs,GET,5.52,200
1778369352.9049017,status,GET,1.29,200
1778369352.939466,logs,GET,7.12,200
1778369353.9096704,status,GET,1.44,200
1778369353.9363256,logs,GET,7.3,200
1778369354.6973379,lighting_start,POST,119.41,200
1778369354.7244732,logs,GET,4.8,200
1778369354.909525,status,GET,1.86,200
1778369354.936695,logs,GET,5.51,200
1778369355.9203818,status,GET,1.02,200
1778369355.946248,logs,GET,5.68,200
1778369356.9097939,status,GET,1.08,200
1778369356.9432812,logs,GET,5.27,200
1778369357.9102955,status,GET,1.32,200
1778369357.9437253,logs,GET,5.49,200
1778369358.8980997,status,GET,1.23,200
1778369358.920203,logs,GET,5.39,200
1778369359.9078567,status,GET,1.13,200
1778369359.947149,logs,GET,4.88,200
1778369360.9066916,status,GET,1.14,200
1778369360.9403212,logs,GET,6.24,200
1778369361.920279,status,GET,1.01,200
1778369361.9562454,logs,GET,6.24,200
1778369362.9055161,status,GET,1.13,200
1778369362.9357905,logs,GET,6.36,200
1778369363.9062715,status,GET,1.21,200
1778369363.9410737,logs,GET,5.46,200
1778369364.9050336,status,GET,1.0,200
1778369364.9421415,logs,GET,6.07,200
1778369365.9060445,status,GET,1.1,200
1778369365.9329202,logs,GET,5.34,200
1778369366.9163005,status,GET,1.12,200
1778369366.951541,logs,GET,6.3,200
1778369367.9015093,status,GET,1.12,200
1778369367.9330668,logs,GET,6.13,200
1778369368.9030275,status,GET,1.13,200
1778369368.9347181,logs,GET,6.29,200
1778369369.8996677,status,GET,1.14,200
1778369369.9236174,logs,GET,5.37,200
1778369370.9110866,status,GET,1.13,200
1778369370.9352455,logs,GET,6.32,200
1778369371.911218,status,GET,1.14,200
1778369371.9403746,logs,GET,5.45,200
1778369372.9231958,status,GET,1.13,200
1778369372.964524,logs,GET,6.24,200
1778369373.9218657,status,GET,1.08,200
1778369373.9536908,logs,GET,5.6,200
1778369374.905858,status,GET,1.2,200
1778369374.945576,logs,GET,6.67,200
1778369375.9102,status,GET,1.08,200
1778369375.9431398,logs,GET,5.22,200
1778369376.9064531,status,GET,1.2,200
1778369376.9412737,logs,GET,5.29,200
1778369377.9109263,status,GET,1.02,200
1778369377.9453104,logs,GET,5.32,200
1778369378.924715,status,GET,1.01,200
1778369378.960277,logs,GET,5.3,200
1778369379.918993,status,GET,1.01,200
1778369379.9600494,logs,GET,5.36,200
1778369380.9059021,status,GET,1.2,200
1778369380.9354458,logs,GET,6.17,200
1778369381.9121706,status,GET,1.13,200
1778369381.945269,logs,GET,6.01,200
1778369382.787022,lighting_stop,POST,47.85,200
1778369382.8116024,logs,GET,5.97,200
1778369382.8996925,status,GET,1.12,200
1778369382.9303617,logs,GET,6.17,200
1778369383.9071987,status,GET,1.31,200
1778369383.9416492,logs,GET,6.9,200
1778369384.0564222,lighting_stop,POST,46.97,200
1778369384.0899346,logs,GET,5.97,200
1778369384.907504,status,GET,1.29,200
1778369384.9338982,logs,GET,6.86,200
1778369385.9039755,status,GET,1.29,200
1778369385.9441087,logs,GET,8.78,200
1778369386.897149,status,GET,1.27,200
1778369386.9241114,logs,GET,6.95,200
1778369387.9074945,status,GET,1.29,200
1778369387.9399104,logs,GET,5.93,200
1778369388.9163148,status,GET,1.29,200
1778369388.9531136,logs,GET,5.75,200
1778369389.9086213,status,GET,1.27,200
1778369389.9404325,logs,GET,6.67,200
1778369390.904434,status,GET,1.28,200
1778369390.9302988,logs,GET,6.95,200
1778369391.930567,status,GET,1.47,200
1778369391.9603493,logs,GET,6.96,200
1778369392.9089715,status,GET,1.29,200
1778369392.98232,logs,GET,6.12,200
1778369393.9978309,status,GET,1.34,200
1778369394.0351927,logs,GET,6.95,200
1778369394.9029458,status,GET,1.33,200
1778369394.9535663,logs,GET,6.84,200
1778369395.85435,set_mode,POST,115.57,200
1778369395.8733494,status,GET,0.91,200
1778369395.9273472,logs,GET,4.56,200
1778369395.9305527,status,GET,1.71,200
1778369395.959711,logs,GET,5.11,200
1778369396.907539,status,GET,1.29,200
1778369396.9684355,logs,GET,6.52,200
1778369397.9133327,status,GET,1.29,200
1778369397.940994,logs,GET,6.68,200
1778369398.9887235,status,GET,1.28,200
1778369399.0168717,logs,GET,6.78,200
1778369399.904496,status,GET,0.98,200
1778369399.929031,logs,GET,5.19,200
1778369400.9382968,status,GET,1.07,200
1778369400.970468,logs,GET,5.8,200
1778369401.9126513,status,GET,1.1,200
1778369401.9454885,logs,GET,5.71,200
1778369402.9180365,status,GET,1.37,200
1778369402.952733,logs,GET,6.51,200
1778369403.912564,status,GET,1.0,200
1778369403.9387472,logs,GET,5.13,200
1778369404.9069095,status,GET,1.01,200
1778369404.9392135,logs,GET,5.88,200
1778369405.9058068,status,GET,1.13,200
1778369405.9367664,logs,GET,4.98,200
1778369406.905497,status,GET,1.13,200
1778369406.939919,logs,GET,5.85,200
1778369407.9062808,status,GET,0.54,200
1778369407.9344597,logs,GET,2.4,200
1778370590.7070274,status,GET,0.8,200
1778370590.7120795,unknown,GET,0.74,404
1778370590.7138424,unknown,GET,0.53,404
1778370590.730742,logs,GET,0.52,200
1778370591.7129207,unknown,GET,0.36,404
1778370591.7147572,status,GET,0.6,200
1778370591.735156,logs,GET,0.48,200
1778370592.7128623,status,GET,0.64,200
1778370592.7157514,unknown,GET,0.38,404
1778370592.7178595,unknown,GET,0.5,404
1778370592.7379556,logs,GET,0.57,200
1778370593.7033439,unknown,GET,0.37,404
1778370593.7073383,status,GET,0.63,200
1778370593.726148,logs,GET,0.53,200
1778370594.7492838,status,GET,0.61,200
1778370594.75905,unknown,GET,0.36,404
1778370594.7605865,unknown,GET,0.37,404
1778370594.8114812,logs,GET,0.48,200
1778370595.7014422,unknown,GET,0.43,404
1778370595.7038598,status,GET,0.64,200
1778370595.7289584,logs,GET,0.48,200
1778370596.7085347,unknown,GET,0.38,404
1778370596.7102387,unknown,GET,0.49,404
1778370596.712042,status,GET,0.61,200
1778370596.7402232,logs,GET,0.47,200
1778370597.7120697,unknown,GET,0.37,404
1778370597.7166064,status,GET,0.62,200
1778370597.732906,logs,GET,0.51,200
1778370598.7167828,unknown,GET,0.4,404
1778370598.7193384,status,GET,0.68,200
1778370598.7211726,unknown,GET,0.43,404
1778370598.7442505,logs,GET,0.48,200
1778370599.7068603,unknown,GET,0.38,404
1778370599.7086565,status,GET,0.65,200
1778370599.7275186,logs,GET,0.49,200
1778370600.7151318,status,GET,0.66,200
1778370600.716706,unknown,GET,0.42,404
1778370600.718434,unknown,GET,0.37,404
1778370600.7430918,logs,GET,0.51,200
1778370601.7150369,status,GET,1.39,200
1778370601.718063,unknown,GET,0.41,404
1778370601.7357702,logs,GET,0.55,200
1778370602.7025087,unknown,GET,0.37,404
1778370602.7039933,unknown,GET,0.36,404
1778370602.7074497,status,GET,0.63,200
1778370602.7262044,logs,GET,0.59,200
1778370603.730334,unknown,GET,0.38,404
1778370603.7321343,status,GET,0.63,200
1778370603.7515347,logs,GET,0.48,200
1778370604.7127755,status,GET,0.65,200
1778370604.715498,unknown,GET,0.37,404
1778370604.7170515,unknown,GET,0.36,404
1778370604.7603502,logs,GET,0.48,200
1778370605.7036889,unknown,GET,0.45,404
1778370605.7057078,status,GET,0.69,200
1778370605.7263348,logs,GET,0.5,200
1778370606.7154028,status,GET,0.75,200
1778370606.7169852,unknown,GET,0.37,404
1778370606.7189631,unknown,GET,0.38,404
1778370606.7421908,logs,GET,0.57,200
1778370607.7358205,status,GET,0.64,200
1778370607.7382133,unknown,GET,0.45,404
1778370607.7587183,logs,GET,0.48,200
1778370608.7104385,status,GET,0.65,200
1778370608.713001,unknown,GET,0.37,404
1778370608.7161953,unknown,GET,0.39,404
1778370608.760824,logs,GET,0.48,200
1778370609.703534,unknown,GET,0.38,404
1778370609.7076125,status,GET,0.62,200
1778370609.7302067,logs,GET,0.56,200
1778370610.7140963,unknown,GET,0.37,404
1778370610.7184029,status,GET,1.41,200
1778370610.720196,unknown,GET,0.37,404
1778370610.7389052,logs,GET,0.48,200
1778370611.8098814,unknown,GET,0.46,404
1778370611.8140686,status,GET,0.73,200
1778370611.833223,logs,GET,0.48,200
1778370612.7045233,status,GET,0.62,200
1778370612.7083697,unknown,GET,0.37,404
1778370612.711918,unknown,GET,0.37,404
1778370612.748488,logs,GET,0.47,200
1778370613.7106495,unknown,GET,0.37,404
1778370613.7131124,status,GET,1.32,200
1778370613.7329063,logs,GET,0.48,200
1778370614.700777,status,GET,0.66,200
1778370614.7043862,unknown,GET,0.39,404
1778370614.7091334,unknown,GET,0.39,404
1778370614.7252123,logs,GET,0.5,200
1778370615.8308105,unknown,GET,0.38,404
1778370615.8325543,status,GET,0.62,200
1778370615.8519893,logs,GET,0.47,200
1778370616.7353225,unknown,GET,0.39,404
1778370616.7394493,status,GET,1.3,200
1778370616.7412193,unknown,GET,0.4,404
1778370616.779921,logs,GET,0.48,200
1778370617.7079809,unknown,GET,0.38,404
1778370617.7098985,status,GET,0.77,200
1778370617.757313,logs,GET,0.47,200
1778370618.711159,status,GET,0.61,200
1778370618.712703,unknown,GET,0.4,404
1778370618.7143412,unknown,GET,0.37,404
1778370618.7347279,logs,GET,0.48,200
1778370619.7259102,unknown,GET,0.41,404
1778370619.733133,status,GET,2.91,200
1778370619.7489219,logs,GET,0.49,200
1778370620.8237114,status,GET,0.63,200
1778370620.8252342,unknown,GET,0.37,404
1778370620.8268118,unknown,GET,0.37,404
1778370620.849356,logs,GET,0.48,200
1778370621.7048907,status,GET,0.63,200
1778370621.7077246,unknown,GET,0.38,404
1778370621.732085,logs,GET,0.49,200
1778370622.7094991,status,GET,0.65,200
1778370622.7118506,unknown,GET,1.1,404
1778370622.7135518,unknown,GET,0.43,404
1778370622.7336226,logs,GET,0.57,200
1778370623.7177691,unknown,GET,0.4,404
1778370623.7194142,status,GET,0.57,200
1778370623.7444103,logs,GET,0.5,200
1778370624.7083013,unknown,GET,0.4,404
1778370624.7101405,status,GET,0.64,200
1778370624.7116075,unknown,GET,0.36,404
1778370624.7361486,logs,GET,0.49,200
1778370625.7058296,status,GET,0.73,200
1778370625.7073479,unknown,GET,0.36,404
1778370625.7317295,logs,GET,0.47,200
1778370626.709607,status,GET,0.75,200
1778370626.711177,unknown,GET,0.38,404
1778370626.7126536,unknown,GET,0.36,404
1778370626.7349224,logs,GET,0.49,200
1778370627.7099528,unknown,GET,0.42,404
1778370627.7117457,status,GET,0.63,200
1778370627.7335138,logs,GET,0.56,200
1778370628.7159953,unknown,GET,0.39,404
1778370628.7202373,status,GET,0.65,200
1778370628.7227707,unknown,GET,0.46,404
1778370628.742758,logs,GET,0.5,200
1778370629.70166,status,GET,0.8,200
1778370629.7032707,unknown,GET,0.4,404
1778370629.7233381,logs,GET,0.48,200
1778370630.699956,status,GET,0.64,200
1778370630.7015204,unknown,GET,0.42,404
1778370630.7029874,unknown,GET,0.36,404
1778370630.7231576,logs,GET,0.48,200
1778370631.7108827,unknown,GET,0.38,404
1778370631.7156012,status,GET,0.63,200
1778370631.7342625,logs,GET,1.35,200
1778370632.7081852,unknown,GET,0.38,404
1778370632.7101934,status,GET,0.83,200
1778370632.7118146,unknown,GET,0.38,404
1778370632.7344043,logs,GET,0.62,200
1778370633.7133572,unknown,GET,0.38,404
1778370633.7171814,status,GET,0.68,200
1778370633.737797,logs,GET,0.6,200
1778370634.7099922,unknown,GET,0.41,404
1778370634.7115583,unknown,GET,0.39,404
1778370634.7143052,status,GET,1.48,200
1778370634.7426722,logs,GET,0.5,200
1778370635.7075226,unknown,GET,0.39,404
1778370635.7115111,status,GET,0.66,200
1778370635.7313273,logs,GET,0.47,200
1778370636.7116587,status,GET,0.62,200
1778370636.7152798,unknown,GET,0.38,404
1778370636.7167795,unknown,GET,0.36,404
1778370636.7349284,logs,GET,0.53,200
1778370637.7069046,unknown,GET,0.38,404
1778370637.7086763,status,GET,0.62,200
1778370637.7305255,logs,GET,0.5,200
1778370638.7108347,unknown,GET,0.38,404
1778370638.714565,unknown,GET,0.39,404
1778370638.7163198,status,GET,0.61,200
1778370638.7365294,logs,GET,0.5,200
1778370639.713578,unknown,GET,0.42,404
1778370639.7153115,status,GET,0.6,200
1778370639.7355528,logs,GET,0.48,200
1778370640.7074473,unknown,GET,0.43,404
1778370640.7112987,status,GET,0.6,200
1778370640.713741,unknown,GET,0.49,404
1778370640.7329571,logs,GET,0.48,200
1778370641.7080646,status,GET,0.61,200
1778370641.7100294,unknown,GET,0.42,404
1778370641.7286122,logs,GET,0.47,200
1778370642.7018442,unknown,GET,0.42,404
1778370642.7036278,status,GET,0.63,200
1778370642.7066002,unknown,GET,0.38,404
1778370642.7273564,logs,GET,0.49,200
1778370643.7067266,unknown,GET,0.38,404
1778370643.7084482,status,GET,0.6,200
1778370643.7300866,logs,GET,0.67,200
1778370644.7129889,status,GET,0.64,200
1778370644.7159255,unknown,GET,0.43,404
1778370644.717553,unknown,GET,0.43,404
1778370644.7360902,logs,GET,0.49,200
1778370645.7083688,unknown,GET,0.37,404
1778370645.7102299,status,GET,0.65,200
1778370645.7288792,logs,GET,0.49,200
1778370646.7171419,status,GET,0.61,200
1778370646.7206233,unknown,GET,1.01,404
1778370646.7222705,unknown,GET,0.37,404
1778370646.7491574,logs,GET,0.48,200
1778370647.7223554,unknown,GET,0.4,404
1778370647.7260823,status,GET,0.84,200
1778370647.7482307,logs,GET,0.51,200
1778370648.7119198,unknown,GET,0.38,404
1778370648.7135308,unknown,GET,0.44,404
1778370648.715404,status,GET,0.62,200
1778370648.7367325,logs,GET,0.48,200
1778370649.70252,status,GET,0.62,200
1778370649.7040267,unknown,GET,0.36,404
1778370649.724354,logs,GET,0.47,200
1778370650.7058547,status,GET,0.79,200
1778370650.7076259,unknown,GET,0.37,404
1778370650.7106419,unknown,GET,0.39,404
1778370650.7316787,logs,GET,0.48,200
1778370651.7129989,unknown,GET,0.38,404
1778370651.7148669,status,GET,0.63,200
1778370651.7358396,logs,GET,0.5,200
1778370652.7022412,status,GET,0.68,200
1778370652.7066474,unknown,GET,0.38,404
1778370652.70892,unknown,GET,1.13,404
1778370652.7237926,logs,GET,0.54,200
1778370653.704665,status,GET,0.6,200
1778370653.7061315,unknown,GET,0.35,404
1778370653.7240236,logs,GET,0.47,200
1778370654.709555,unknown,GET,0.43,404
1778370654.7128744,status,GET,0.67,200
1778370654.714545,unknown,GET,0.39,404
1778370654.7360168,logs,GET,0.5,200
1778370655.7056482,status,GET,0.7,200
1778370655.7089162,unknown,GET,2.12,404
1778370655.7332203,logs,GET,0.48,200
1778370656.7101033,status,GET,0.73,200
1778370656.7116935,unknown,GET,0.38,404
1778370656.7141984,unknown,GET,0.37,404
1778370656.7338161,logs,GET,0.58,200
1778370657.709165,status,GET,0.59,200
1778370657.7106419,unknown,GET,0.35,404
1778370657.7270157,logs,GET,0.47,200
1778370658.7200513,status,GET,0.63,200
1778370658.7223423,unknown,GET,1.14,404
1778370658.7238476,unknown,GET,0.36,404
1778370658.7466366,logs,GET,0.47,200
